Workbook

Sheet Shock Colcap
A1: Fecha datos | B1: Fecha Junta Directiva | C1: Fecha un día después | D1: Fecha dos días después | E1: Fecha tres días después | F1: Fecha cuatro días después | G1: Stock Fecha Junta | H1: Stock un día después | I1: Stock dos días después | J1: Stock tres días despues | K1: Stock cuatro días despues | L1: SHOCK STOCK
A2: 37257 | B2: 37274 | C2: =IF(B2="","",B2+1) -> 37275 | D2: =IF(B2="","",B2+2) -> 37276 | E2: =IF(B2="","",B2+3) -> 37277 | F2: =IF(B2="","",B2+4) -> 37278 | G2: =VLOOKUP(B2,COLCAP!B3:C4402,2,0) -> #N/A | H2: =VLOOKUP(C2,COLCAP!B3:C4402,2,0) -> #N/A | I2: =VLOOKUP(D2,COLCAP!B3:C4402,2,0) -> #N/A | J2: =VLOOKUP(E2,COLCAP!B3:C4402,2,0) -> #N/A | K2: =VLOOKUP(F2,COLCAP!B3:C4402,2,0) -> #N/A | L2: =IFERROR(LN(H2/G2),IFERROR(LN(I2/G2),IFERROR(LN(J2/G2),IFERROR(LN(K2/G2),""))))
A3: 37288 | B3: 37305 | C3: =IF(B3="","",B3+1) -> 37306 | D3: =IF(B3="","",B3+2) -> 37307 | E3: =IF(B3="","",B3+3) -> 37308 | F3: =IF(B3="","",B3+4) -> 37309 | G3: =VLOOKUP(B3,COLCAP!B4:C4403,2,0) -> #N/A | H3: =VLOOKUP(C3,COLCAP!B4:C4403,2,0) -> #N/A | I3: =VLOOKUP(D3,COLCAP!B4:C4403,2,0) -> #N/A | J3: =VLOOKUP(E3,COLCAP!B4:C4403,2,0) -> #N/A | K3: =VLOOKUP(F3,COLCAP!B4:C4403,2,0) -> #N/A | L3: =IFERROR(LN(H3/G3),IFERROR(LN(I3/G3),IFERROR(LN(J3/G3),IFERROR(LN(K3/G3),""))))
A4: 37316 | C4: =IF(B4="","",B4+1) | D4: =IF(B4="","",B4+2) | E4: =IF(B4="","",B4+3) | F4: =IF(B4="","",B4+4) | G4: =VLOOKUP(B4,COLCAP!B5:C4404,2,0) -> #N/A | H4: =VLOOKUP(C4,COLCAP!B5:C4404,2,0) -> #N/A | I4: =VLOOKUP(D4,COLCAP!B5:C4404,2,0) -> #N/A | J4: =VLOOKUP(E4,COLCAP!B5:C4404,2,0) -> #N/A | K4: =VLOOKUP(F4,COLCAP!B5:C4404,2,0) -> #N/A | L4: =IFERROR(LN(H4/G4),IFERROR(LN(I4/G4),IFERROR(LN(J4/G4),IFERROR(LN(K4/G4),""))))
A5: 37347 | B5: 37358 | C5: =IF(B5="","",B5+1) -> 37359 | D5: =IF(B5="","",B5+2) -> 37360 | E5: =IF(B5="","",B5+3) -> 37361 | F5: =IF(B5="","",B5+4) -> 37362 | G5: =VLOOKUP(B5,COLCAP!B6:C4405,2,0) -> #N/A | H5: =VLOOKUP(C5,COLCAP!B6:C4405,2,0) -> #N/A | I5: =VLOOKUP(D5,COLCAP!B6:C4405,2,0) -> #N/A | J5: =VLOOKUP(E5,COLCAP!B6:C4405,2,0) -> #N/A | K5: =VLOOKUP(F5,COLCAP!B6:C4405,2,0) -> #N/A | L5: =IFERROR(LN(H5/G5),IFERROR(LN(I5/G5),IFERROR(LN(J5/G5),IFERROR(LN(K5/G5),""))))
A6: 37377 | B6: 37393 | C6: =IF(B6="","",B6+1) -> 37394 | D6: =IF(B6="","",B6+2) -> 37395 | E6: =IF(B6="","",B6+3) -> 37396 | F6: =IF(B6="","",B6+4) -> 37397 | G6: =VLOOKUP(B6,COLCAP!B7:C4406,2,0) -> #N/A | H6: =VLOOKUP(C6,COLCAP!B7:C4406,2,0) -> #N/A | I6: =VLOOKUP(D6,COLCAP!B7:C4406,2,0) -> #N/A | J6: =VLOOKUP(E6,COLCAP!B7:C4406,2,0) -> #N/A | K6: =VLOOKUP(F6,COLCAP!B7:C4406,2,0) -> #N/A | L6: =IFERROR(LN(H6/G6),IFERROR(LN(I6/G6),IFERROR(LN(J6/G6),IFERROR(LN(K6/G6),""))))
A7: 37408 | C7: =IF(B7="","",B7+1) | D7: =IF(B7="","",B7+2) | E7: =IF(B7="","",B7+3) | F7: =IF(B7="","",B7+4) | G7: =VLOOKUP(B7,COLCAP!B8:C4407,2,0) -> #N/A | H7: =VLOOKUP(C7,COLCAP!B8:C4407,2,0) -> #N/A | I7: =VLOOKUP(D7,COLCAP!B8:C4407,2,0) -> #N/A | J7: =VLOOKUP(E7,COLCAP!B8:C4407,2,0) -> #N/A | K7: =VLOOKUP(F7,COLCAP!B8:C4407,2,0) -> #N/A | L7: =IFERROR(LN(H7/G7),IFERROR(LN(I7/G7),IFERROR(LN(J7/G7),IFERROR(LN(K7/G7),""))))
A8: 37438 | B8: 37456 | C8: =IF(B8="","",B8+1) -> 37457 | D8: =IF(B8="","",B8+2) -> 37458 | E8: =IF(B8="","",B8+3) -> 37459 | F8: =IF(B8="","",B8+4) -> 37460 | G8: =VLOOKUP(B8,COLCAP!B9:C4408,2,0) -> #N/A | H8: =VLOOKUP(C8,COLCAP!B9:C4408,2,0) -> #N/A | I8: =VLOOKUP(D8,COLCAP!B9:C4408,2,0) -> #N/A | J8: =VLOOKUP(E8,COLCAP!B9:C4408,2,0) -> #N/A | K8: =VLOOKUP(F8,COLCAP!B9:C4408,2,0) -> #N/A | L8: =IFERROR(LN(H8/G8),IFERROR(LN(I8/G8),IFERROR(LN(J8/G8),IFERROR(LN(K8/G8),""))))
A9: 37469 | B9: 37484 | C9: =IF(B9="","",B9+1) -> 37485 | D9: =IF(B9="","",B9+2) -> 37486 | E9: =IF(B9="","",B9+3) -> 37487 | F9: =IF(B9="","",B9+4) -> 37488 | G9: =VLOOKUP(B9,COLCAP!B10:C4409,2,0) -> #N/A | H9: =VLOOKUP(C9,COLCAP!B10:C4409,2,0) -> #N/A | I9: =VLOOKUP(D9,COLCAP!B10:C4409,2,0) -> #N/A | J9: =VLOOKUP(E9,COLCAP!B10:C4409,2,0) -> #N/A | K9: =VLOOKUP(F9,COLCAP!B10:C4409,2,0) -> #N/A | L9: =IFERROR(LN(H9/G9),IFERROR(LN(I9/G9),IFERROR(LN(J9/G9),IFERROR(LN(K9/G9),""))))
A10: 37500 | B10: 37512 | C10: =IF(B10="","",B10+1) -> 37513 | D10: =IF(B10="","",B10+2) -> 37514 | E10: =IF(B10="","",B10+3) -> 37515 | F10: =IF(B10="","",B10+4) -> 37516 | G10: =VLOOKUP(B10,COLCAP!B11:C4410,2,0) -> #N/A | H10: =VLOOKUP(C10,COLCAP!B11:C4410,2,0) -> #N/A | I10: =VLOOKUP(D10,COLCAP!B11:C4410,2,0) -> #N/A | J10: =VLOOKUP(E10,COLCAP!B11:C4410,2,0) -> #N/A | K10: =VLOOKUP(F10,COLCAP!B11:C4410,2,0) -> #N/A | L10: =IFERROR(LN(H10/G10),IFERROR(LN(I10/G10),IFERROR(LN(J10/G10),IFERROR(LN(K10/G10),""))))
A11: 37530 | B11: 37547 | C11: =IF(B11="","",B11+1) -> 37548 | D11: =IF(B11="","",B11+2) -> 37549 | E11: =IF(B11="","",B11+3) -> 37550 | F11: =IF(B11="","",B11+4) -> 37551 | G11: =VLOOKUP(B11,COLCAP!B12:C4411,2,0) -> #N/A | H11: =VLOOKUP(C11,COLCAP!B12:C4411,2,0) -> #N/A | I11: =VLOOKUP(D11,COLCAP!B12:C4411,2,0) -> #N/A | J11: =VLOOKUP(E11,COLCAP!B12:C4411,2,0) -> #N/A | K11: =VLOOKUP(F11,COLCAP!B12:C4411,2,0) -> #N/A | L11: =IFERROR(LN(H11/G11),IFERROR(LN(I11/G11),IFERROR(LN(J11/G11),IFERROR(LN(K11/G11),""))))
A12: 37561 | B12: 37581 | C12: =IF(B12="","",B12+1) -> 37582 | D12: =IF(B12="","",B12+2) -> 37583 | E12: =IF(B12="","",B12+3) -> 37584 | F12: =IF(B12="","",B12+4) -> 37585 | G12: =VLOOKUP(B12,COLCAP!B13:C4412,2,0) -> #N/A | H12: =VLOOKUP(C12,COLCAP!B13:C4412,2,0) -> #N/A | I12: =VLOOKUP(D12,COLCAP!B13:C4412,2,0) -> #N/A | J12: =VLOOKUP(E12,COLCAP!B13:C4412,2,0) -> #N/A | K12: =VLOOKUP(F12,COLCAP!B13:C4412,2,0) -> #N/A | L12: =IFERROR(LN(H12/G12),IFERROR(LN(I12/G12),IFERROR(LN(J12/G12),IFERROR(LN(K12/G12),""))))
A13: 37591 | B13: 37613 | C13: =IF(B13="","",B13+1) -> 37614 | D13: =IF(B13="","",B13+2) -> 37615 | E13: =IF(B13="","",B13+3) -> 37616 | F13: =IF(B13="","",B13+4) -> 37617 | G13: =VLOOKUP(B13,COLCAP!B14:C4413,2,0) -> #N/A | H13: =VLOOKUP(C13,COLCAP!B14:C4413,2,0) -> #N/A | I13: =VLOOKUP(D13,COLCAP!B14:C4413,2,0) -> #N/A | J13: =VLOOKUP(E13,COLCAP!B14:C4413,2,0) -> #N/A | K13: =VLOOKUP(F13,COLCAP!B14:C4413,2,0) -> #N/A | L13: =IFERROR(LN(H13/G13),IFERROR(LN(I13/G13),IFERROR(LN(J13/G13),IFERROR(LN(K13/G13),""))))
A14: 37622 | C14: =IF(B14="","",B14+1) | D14: =IF(B14="","",B14+2) | E14: =IF(B14="","",B14+3) | F14: =IF(B14="","",B14+4) | G14: =VLOOKUP(B14,COLCAP!B15:C4414,2,0) -> #N/A | H14: =VLOOKUP(C14,COLCAP!B15:C4414,2,0) -> #N/A | I14: =VLOOKUP(D14,COLCAP!B15:C4414,2,0) -> #N/A | J14: =VLOOKUP(E14,COLCAP!B15:C4414,2,0) -> #N/A | K14: =VLOOKUP(F14,COLCAP!B15:C4414,2,0) -> #N/A | L14: =IFERROR(LN(H14/G14),IFERROR(LN(I14/G14),IFERROR(LN(J14/G14),IFERROR(LN(K14/G14),""))))
A15: 37653 | B15: 37666 | C15: =IF(B15="","",B15+1) -> 37667 | D15: =IF(B15="","",B15+2) -> 37668 | E15: =IF(B15="","",B15+3) -> 37669 | F15: =IF(B15="","",B15+4) -> 37670 | G15: =VLOOKUP(B15,COLCAP!B16:C4415,2,0) -> #N/A | H15: =VLOOKUP(C15,COLCAP!B16:C4415,2,0) -> #N/A | I15: =VLOOKUP(D15,COLCAP!B16:C4415,2,0) -> #N/A | J15: =VLOOKUP(E15,COLCAP!B16:C4415,2,0) -> #N/A | K15: =VLOOKUP(F15,COLCAP!B16:C4415,2,0) -> #N/A | L15: =IFERROR(LN(H15/G15),IFERROR(LN(I15/G15),IFERROR(LN(J15/G15),IFERROR(LN(K15/G15),""))))
A16: 37681 | B16: 37694 | C16: =IF(B16="","",B16+1) -> 37695 | D16: =IF(B16="","",B16+2) -> 37696 | E16: =IF(B16="","",B16+3) -> 37697 | F16: =IF(B16="","",B16+4) -> 37698 | G16: =VLOOKUP(B16,COLCAP!B17:C4416,2,0) -> #N/A | H16: =VLOOKUP(C16,COLCAP!B17:C4416,2,0) -> #N/A | I16: =VLOOKUP(D16,COLCAP!B17:C4416,2,0) -> #N/A | J16: =VLOOKUP(E16,COLCAP!B17:C4416,2,0) -> #N/A | K16: =VLOOKUP(F16,COLCAP!B17:C4416,2,0) -> #N/A | L16: =IFERROR(LN(H16/G16),IFERROR(LN(I16/G16),IFERROR(LN(J16/G16),IFERROR(LN(K16/G16),""))))
A17: 37712 | B17: 37739 | C17: =IF(B17="","",B17+1) -> 37740 | D17: =IF(B17="","",B17+2) -> 37741 | E17: =IF(B17="","",B17+3) -> 37742 | F17: =IF(B17="","",B17+4) -> 37743 | G17: =VLOOKUP(B17,COLCAP!B18:C4417,2,0) -> #N/A | H17: =VLOOKUP(C17,COLCAP!B18:C4417,2,0) -> #N/A | I17: =VLOOKUP(D17,COLCAP!B18:C4417,2,0) -> #N/A | J17: =VLOOKUP(E17,COLCAP!B18:C4417,2,0) -> #N/A | K17: =VLOOKUP(F17,COLCAP!B18:C4417,2,0) -> #N/A | L17: =IFERROR(LN(H17/G17),IFERROR(LN(I17/G17),IFERROR(LN(J17/G17),IFERROR(LN(K17/G17),""))))
A18: 37742 | B18: 37757 | C18: =IF(B18="","",B18+1) -> 37758 | D18: =IF(B18="","",B18+2) -> 37759 | E18: =IF(B18="","",B18+3) -> 37760 | F18: =IF(B18="","",B18+4) -> 37761 | G18: =VLOOKUP(B18,COLCAP!B19:C4418,2,0) -> #N/A | H18: =VLOOKUP(C18,COLCAP!B19:C4418,2,0) -> #N/A | I18: =VLOOKUP(D18,COLCAP!B19:C4418,2,0) -> #N/A | J18: =VLOOKUP(E18,COLCAP!B19:C4418,2,0) -> #N/A | K18: =VLOOKUP(F18,COLCAP!B19:C4418,2,0) -> #N/A | L18: =IFERROR(LN(H18/G18),IFERROR(LN(I18/G18),IFERROR(LN(J18/G18),IFERROR(LN(K18/G18),""))))
A19: 37773 | B19: 37792 | C19: =IF(B19="","",B19+1) -> 37793 | D19: =IF(B19="","",B19+2) -> 37794 | E19: =IF(B19="","",B19+3) -> 37795 | F19: =IF(B19="","",B19+4) -> 37796 | G19: =VLOOKUP(B19,COLCAP!B20:C4419,2,0) -> #N/A | H19: =VLOOKUP(C19,COLCAP!B20:C4419,2,0) -> #N/A | I19: =VLOOKUP(D19,COLCAP!B20:C4419,2,0) -> #N/A | J19: =VLOOKUP(E19,COLCAP!B20:C4419,2,0) -> #N/A | K19: =VLOOKUP(F19,COLCAP!B20:C4419,2,0) -> #N/A | L19: =IFERROR(LN(H19/G19),IFERROR(LN(I19/G19),IFERROR(LN(J19/G19),IFERROR(LN(K19/G19),""))))
A20: 37803 | B20: 37827 | C20: =IF(B20="","",B20+1) -> 37828 | D20: =IF(B20="","",B20+2) -> 37829 | E20: =IF(B20="","",B20+3) -> 37830 | F20: =IF(B20="","",B20+4) -> 37831 | G20: =VLOOKUP(B20,COLCAP!B21:C4420,2,0) -> #N/A | H20: =VLOOKUP(C20,COLCAP!B21:C4420,2,0) -> #N/A | I20: =VLOOKUP(D20,COLCAP!B21:C4420,2,0) -> #N/A | J20: =VLOOKUP(E20,COLCAP!B21:C4420,2,0) -> #N/A | K20: =VLOOKUP(F20,COLCAP!B21:C4420,2,0) -> #N/A | L20: =IFERROR(LN(H20/G20),IFERROR(LN(I20/G20),IFERROR(LN(J20/G20),IFERROR(LN(K20/G20),""))))
A21: 37834 | B21: 37848 | C21: =IF(B21="","",B21+1) -> 37849 | D21: =IF(B21="","",B21+2) -> 37850 | E21: =IF(B21="","",B21+3) -> 37851 | F21: =IF(B21="","",B21+4) -> 37852 | G21: =VLOOKUP(B21,COLCAP!B22:C4421,2,0) -> #N/A | H21: =VLOOKUP(C21,COLCAP!B22:C4421,2,0) -> #N/A | I21: =VLOOKUP(D21,COLCAP!B22:C4421,2,0) -> #N/A | J21: =VLOOKUP(E21,COLCAP!B22:C4421,2,0) -> #N/A | K21: =VLOOKUP(F21,COLCAP!B22:C4421,2,0) -> #N/A | L21: =IFERROR(LN(H21/G21),IFERROR(LN(I21/G21),IFERROR(LN(J21/G21),IFERROR(LN(K21/G21),""))))
A22: 37865 | B22: 37876 | C22: =IF(B22="","",B22+1) -> 37877 | D22: =IF(B22="","",B22+2) -> 37878 | E22: =IF(B22="","",B22+3) -> 37879 | F22: =IF(B22="","",B22+4) -> 37880 | G22: =VLOOKUP(B22,COLCAP!B23:C4422,2,0) -> #N/A | H22: =VLOOKUP(C22,COLCAP!B23:C4422,2,0) -> #N/A | I22: =VLOOKUP(D22,COLCAP!B23:C4422,2,0) -> #N/A | J22: =VLOOKUP(E22,COLCAP!B23:C4422,2,0) -> #N/A | K22: =VLOOKUP(F22,COLCAP!B23:C4422,2,0) -> #N/A | L22: =IFERROR(LN(H22/G22),IFERROR(LN(I22/G22),IFERROR(LN(J22/G22),IFERROR(LN(K22/G22),""))))
A23: 37895 | B23: 37918 | C23: =IF(B23="","",B23+1) -> 37919 | D23: =IF(B23="","",B23+2) -> 37920 | E23: =IF(B23="","",B23+3) -> 37921 | F23: =IF(B23="","",B23+4) -> 37922 | G23: =VLOOKUP(B23,COLCAP!B24:C4423,2,0) -> #N/A | H23: =VLOOKUP(C23,COLCAP!B24:C4423,2,0) -> #N/A | I23: =VLOOKUP(D23,COLCAP!B24:C4423,2,0) -> #N/A | J23: =VLOOKUP(E23,COLCAP!B24:C4423,2,0) -> #N/A | K23: =VLOOKUP(F23,COLCAP!B24:C4423,2,0) -> #N/A | L23: =IFERROR(LN(H23/G23),IFERROR(LN(I23/G23),IFERROR(LN(J23/G23),IFERROR(LN(K23/G23),""))))
A24: 37926 | B24: 37939 | C24: =IF(B24="","",B24+1) -> 37940 | D24: =IF(B24="","",B24+2) -> 37941 | E24: =IF(B24="","",B24+3) -> 37942 | F24: =IF(B24="","",B24+4) -> 37943 | G24: =VLOOKUP(B24,COLCAP!B25:C4424,2,0) -> #N/A | H24: =VLOOKUP(C24,COLCAP!B25:C4424,2,0) -> #N/A | I24: =VLOOKUP(D24,COLCAP!B25:C4424,2,0) -> #N/A | J24: =VLOOKUP(E24,COLCAP!B25:C4424,2,0) -> #N/A | K24: =VLOOKUP(F24,COLCAP!B25:C4424,2,0) -> #N/A | L24: =IFERROR(LN(H24/G24),IFERROR(LN(I24/G24),IFERROR(LN(J24/G24),IFERROR(LN(K24/G24),""))))
A25: 37956 | B25: 37974 | C25: =IF(B25="","",B25+1) -> 37975 | D25: =IF(B25="","",B25+2) -> 37976 | E25: =IF(B25="","",B25+3) -> 37977 | F25: =IF(B25="","",B25+4) -> 37978 | G25: =VLOOKUP(B25,COLCAP!B26:C4425,2,0) -> #N/A | H25: =VLOOKUP(C25,COLCAP!B26:C4425,2,0) -> #N/A | I25: =VLOOKUP(D25,COLCAP!B26:C4425,2,0) -> #N/A | J25: =VLOOKUP(E25,COLCAP!B26:C4425,2,0) -> #N/A | K25: =VLOOKUP(F25,COLCAP!B26:C4425,2,0) -> #N/A | L25: =IFERROR(LN(H25/G25),IFERROR(LN(I25/G25),IFERROR(LN(J25/G25),IFERROR(LN(K25/G25),""))))
A26: 37987 | B26: 38009 | C26: =IF(B26="","",B26+1) -> 38010 | D26: =IF(B26="","",B26+2) -> 38011 | E26: =IF(B26="","",B26+3) -> 38012 | F26: =IF(B26="","",B26+4) -> 38013 | G26: =VLOOKUP(B26,COLCAP!B27:C4426,2,0) -> #N/A | H26: =VLOOKUP(C26,COLCAP!B27:C4426,2,0) -> #N/A | I26: =VLOOKUP(D26,COLCAP!B27:C4426,2,0) -> #N/A | J26: =VLOOKUP(E26,COLCAP!B27:C4426,2,0) -> #N/A | K26: =VLOOKUP(F26,COLCAP!B27:C4426,2,0) -> #N/A | L26: =IFERROR(LN(H26/G26),IFERROR(LN(I26/G26),IFERROR(LN(J26/G26),IFERROR(LN(K26/G26),""))))
... A143: 41548 | B143: 41572 | C143: =IF(B143="","",B143+1) -> 41573 | D143: =IF(B143="","",B143+2) -> 41574 | E143: =IF(B143="","",B143+3) -> 41575 | F143: =IF(B143="","",B143+4) -> 41576 | G143: =VLOOKUP(B143,COLCAP!B144:C4543,2,0) -> 1773.84 | H143: =VLOOKUP(C143,COLCAP!B144:C4543,2,0) -> #N/A | I143: =VLOOKUP(D143,COLCAP!B144:C4543,2,0) -> #N/A | J143: =VLOOKUP(E143,COLCAP!B144:C4543,2,0) -> 1763.16 | K143: =VLOOKUP(F143,COLCAP!B144:C4543,2,0) -> 1763.01 | L143: =IFERROR(LN(H143/G143),IFERROR(LN(I143/G143),IFERROR(LN(J143/G143),IFERROR(LN(K143/G143),"")))) -> -0.0060390345
A144: 41579 | C144: =IF(B144="","",B144+1) | D144: =IF(B144="","",B144+2) | E144: =IF(B144="","",B144+3) | F144: =IF(B144="","",B144+4) | G144: =VLOOKUP(B144,COLCAP!B145:C4544,2,0) -> #N/A | H144: =VLOOKUP(C144,COLCAP!B145:C4544,2,0) -> #N/A | I144: =VLOOKUP(D144,COLCAP!B145:C4544,2,0) -> #N/A | J144: =VLOOKUP(E144,COLCAP!B145:C4544,2,0) -> #N/A | K144: =VLOOKUP(F144,COLCAP!B145:C4544,2,0) -> #N/A | L144: =IFERROR(LN(H144/G144),IFERROR(LN(I144/G144),IFERROR(LN(J144/G144),IFERROR(LN(K144/G144),""))))
A145: 41609 | B145: 41628 | C145: =IF(B145="","",B145+1) -> 41629 | D145: =IF(B145="","",B145+2) -> 41630 | E145: =IF(B145="","",B145+3) -> 41631 | F145: =IF(B145="","",B145+4) -> 41632 | G145: =VLOOKUP(B145,COLCAP!B146:C4545,2,0) -> 1630.43 | H145: =VLOOKUP(C145,COLCAP!B146:C4545,2,0) -> #N/A | I145: =VLOOKUP(D145,COLCAP!B146:C4545,2,0) -> #N/A | J145: =VLOOKUP(E145,COLCAP!B146:C4545,2,0) -> 1602.6 | K145: =VLOOKUP(F145,COLCAP!B146:C4545,2,0) -> 1613.81 | L145: =IFERROR(LN(H145/G145),IFERROR(LN(I145/G145),IFERROR(LN(J145/G145),IFERROR(LN(K145/G145),"")))) -> -0.017216473
A146: 41640 | B146: 41670 | C146: =IF(B146="","",B146+1) -> 41671 | D146: =IF(B146="","",B146+2) -> 41672 | E146: =IF(B146="","",B146+3) -> 41673 | F146: =IF(B146="","",B146+4) -> 41674 | G146: =VLOOKUP(B146,COLCAP!B147:C4546,2,0) -> 1460.04 | H146: =VLOOKUP(C146,COLCAP!B147:C4546,2,0) -> #N/A | I146: =VLOOKUP(D146,COLCAP!B147:C4546,2,0) -> #N/A | J146: =VLOOKUP(E146,COLCAP!B147:C4546,2,0) -> 1448.56 | K146: =VLOOKUP(F146,COLCAP!B147:C4546,2,0) -> 1451.76 | L146: =IFERROR(LN(H146/G146),IFERROR(LN(I146/G146),IFERROR(LN(J146/G146),IFERROR(LN(K146/G146),"")))) -> -0.0078938731
A147: 41671 | B147: 41698 | C147: =IF(B147="","",B147+1) -> 41699 | D147: =IF(B147="","",B147+2) -> 41700 | E147: =IF(B147="","",B147+3) -> 41701 | F147: =IF(B147="","",B147+4) -> 41702 | G147: =VLOOKUP(B147,COLCAP!B148:C4547,2,0) -> 1520.74 | H147: =VLOOKUP(C147,COLCAP!B148:C4547,2,0) -> #N/A | I147: =VLOOKUP(D147,COLCAP!B148:C4547,2,0) -> #N/A | J147: =VLOOKUP(E147,COLCAP!B148:C4547,2,0) -> 1504.11 | K147: =VLOOKUP(F147,COLCAP!B148:C4547,2,0) -> 1539.33 | L147: =IFERROR(LN(H147/G147),IFERROR(LN(I147/G147),IFERROR(LN(J147/G147),IFERROR(LN(K147/G147),"")))) -> -0.010995697
A148: 41699 | B148: 41719 | C148: =IF(B148="","",B148+1) -> 41720 | D148: =IF(B148="","",B148+2) -> 41721 | E148: =IF(B148="","",B148+3) -> 41722 | F148: =IF(B148="","",B148+4) -> 41723 | G148: =VLOOKUP(B148,COLCAP!B149:C4548,2,0) -> 1607.95 | H148: =VLOOKUP(C148,COLCAP!B149:C4548,2,0) -> #N/A | I148: =VLOOKUP(D148,COLCAP!B149:C4548,2,0) -> #N/A | J148: =VLOOKUP(E148,COLCAP!B149:C4548,2,0) -> #N/A | K148: =VLOOKUP(F148,COLCAP!B149:C4548,2,0) -> 1639.02 | L148: =IFERROR(LN(H148/G148),IFERROR(LN(I148/G148),IFERROR(LN(J148/G148),IFERROR(LN(K148/G148),"")))) -> 0.019138427
A149: 41730 | B149: 41754 | C149: =IF(B149="","",B149+1) -> 41755 | D149: =IF(B149="","",B149+2) -> 41756 | E149: =IF(B149="","",B149+3) -> 41757 | F149: =IF(B149="","",B149+4) -> 41758 | G149: =VLOOKUP(B149,COLCAP!B150:C4549,2,0) -> 1641.46 | H149: =VLOOKUP(C149,COLCAP!B150:C4549,2,0) -> #N/A | I149: =VLOOKUP(D149,COLCAP!B150:C4549,2,0) -> #N/A | J149: =VLOOKUP(E149,COLCAP!B150:C4549,2,0) -> 1642.1 | K149: =VLOOKUP(F149,COLCAP!B150:C4549,2,0) -> 1653.62 | L149: =IFERROR(LN(H149/G149),IFERROR(LN(I149/G149),IFERROR(LN(J149/G149),IFERROR(LN(K149/G149),"")))) -> 0.00038982081
A150: 41760 | B150: 41789 | C150: =IF(B150="","",B150+1) -> 41790 | D150: =IF(B150="","",B150+2) -> 41791 | E150: =IF(B150="","",B150+3) -> 41792 | F150: =IF(B150="","",B150+4) -> 41793 | G150: =VLOOKUP(B150,COLCAP!B151:C4550,2,0) -> 1659.05 | H150: =VLOOKUP(C150,COLCAP!B151:C4550,2,0) -> #N/A | I150: =VLOOKUP(D150,COLCAP!B151:C4550,2,0) -> #N/A | J150: =VLOOKUP(E150,COLCAP!B151:C4550,2,0) -> #N/A | K150: =VLOOKUP(F150,COLCAP!B151:C4550,2,0) -> 1678.97 | L150: =IFERROR(LN(H150/G150),IFERROR(LN(I150/G150),IFERROR(LN(J150/G150),IFERROR(LN(K150/G150),"")))) -> 0.011935361
A151: 41791 | B151: 41810 | C151: =IF(B151="","",B151+1) -> 41811 | D151: =IF(B151="","",B151+2) -> 41812 | E151: =IF(B151="","",B151+3) -> 41813 | F151: =IF(B151="","",B151+4) -> 41814 | G151: =VLOOKUP(B151,COLCAP!B152:C4551,2,0) -> 1725.13 | H151: =VLOOKUP(C151,COLCAP!B152:C4551,2,0) -> #N/A | I151: =VLOOKUP(D151,COLCAP!B152:C4551,2,0) -> #N/A | J151: =VLOOKUP(E151,COLCAP!B152:C4551,2,0) -> #N/A | K151: =VLOOKUP(F151,COLCAP!B152:C4551,2,0) -> 1723.7 | L151: =IFERROR(LN(H151/G151),IFERROR(LN(I151/G151),IFERROR(LN(J151/G151),IFERROR(LN(K151/G151),"")))) -> -0.00082926678
A152: 41821 | B152: 41851 | C152: =IF(B152="","",B152+1) -> 41852 | D152: =IF(B152="","",B152+2) -> 41853 | E152: =IF(B152="","",B152+3) -> 41854 | F152: =IF(B152="","",B152+4) -> 41855 | G152: =VLOOKUP(B152,COLCAP!B153:C4552,2,0) -> 1694.59 | H152: =VLOOKUP(C152,COLCAP!B153:C4552,2,0) -> 1693.06 | I152: =VLOOKUP(D152,COLCAP!B153:C4552,2,0) -> #N/A | J152: =VLOOKUP(E152,COLCAP!B153:C4552,2,0) -> #N/A | K152: =VLOOKUP(F152,COLCAP!B153:C4552,2,0) -> 1712.97 | L152: =IFERROR(LN(H152/G152),IFERROR(LN(I152/G152),IFERROR(LN(J152/G152),IFERROR(LN(K152/G152),"")))) -> -0.0009032811
A153: 41852 | B153: 41880 | C153: =IF(B153="","",B153+1) -> 41881 | D153: =IF(B153="","",B153+2) -> 41882 | E153: =IF(B153="","",B153+3) -> 41883 | F153: =IF(B153="","",B153+4) -> 41884 | G153: =VLOOKUP(B153,COLCAP!B154:C4553,2,0) -> 1771.18 | H153: =VLOOKUP(C153,COLCAP!B154:C4553,2,0) -> #N/A | I153: =VLOOKUP(D153,COLCAP!B154:C4553,2,0) -> #N/A | J153: =VLOOKUP(E153,COLCAP!B154:C4553,2,0) -> 1776.76 | K153: =VLOOKUP(F153,COLCAP!B154:C4553,2,0) -> 1777.53 | L153: =IFERROR(LN(H153/G153),IFERROR(LN(I153/G153),IFERROR(LN(J153/G153),IFERROR(LN(K153/G153),"")))) -> 0.0031454898
A154: 41883 | B154: 41908 | C154: =IF(B154="","",B154+1) -> 41909 | D154: =IF(B154="","",B154+2) -> 41910 | E154: =IF(B154="","",B154+3) -> 41911 | F154: =IF(B154="","",B154+4) -> 41912 | G154: =VLOOKUP(B154,COLCAP!B155:C4554,2,0) -> 1678 | H154: =VLOOKUP(C154,COLCAP!B155:C4554,2,0) -> #N/A | I154: =VLOOKUP(D154,COLCAP!B155:C4554,2,0) -> #N/A | J154: =VLOOKUP(E154,COLCAP!B155:C4554,2,0) -> 1678.48 | K154: =VLOOKUP(F154,COLCAP!B155:C4554,2,0) -> 1665.7 | L154: =IFERROR(LN(H154/G154),IFERROR(LN(I154/G154),IFERROR(LN(J154/G154),IFERROR(LN(K154/G154),"")))) -> 0.00028601392
A155: 41913 | B155: 41942 | C155: =IF(B155="","",B155+1) -> 41943 | D155: =IF(B155="","",B155+2) -> 41944 | E155: =IF(B155="","",B155+3) -> 41945 | F155: =IF(B155="","",B155+4) -> 41946 | G155: =VLOOKUP(B155,COLCAP!B156:C4555,2,0) -> 1626.22 | H155: =VLOOKUP(C155,COLCAP!B156:C4555,2,0) -> 1634.88 | I155: =VLOOKUP(D155,COLCAP!B156:C4555,2,0) -> #N/A | J155: =VLOOKUP(E155,COLCAP!B156:C4555,2,0) -> #N/A | K155: =VLOOKUP(F155,COLCAP!B156:C4555,2,0) -> #N/A | L155: =IFERROR(LN(H155/G155),IFERROR(LN(I155/G155),IFERROR(LN(J155/G155),IFERROR(LN(K155/G155),"")))) -> 0.0053111038
A156: 41944 | B156: 41971 | C156: =IF(B156="","",B156+1) -> 41972 | D156: =IF(B156="","",B156+2) -> 41973 | E156: =IF(B156="","",B156+3) -> 41974 | F156: =IF(B156="","",B156+4) -> 41975 | G156: =VLOOKUP(B156,COLCAP!B157:C4556,2,0) -> 1525.68 | H156: =VLOOKUP(C156,COLCAP!B157:C4556,2,0) -> #N/A | I156: =VLOOKUP(D156,COLCAP!B157:C4556,2,0) -> #N/A | J156: =VLOOKUP(E156,COLCAP!B157:C4556,2,0) -> 1510.06 | K156: =VLOOKUP(F156,COLCAP!B157:C4556,2,0) -> 1497.59 | L156: =IFERROR(LN(H156/G156),IFERROR(LN(I156/G156),IFERROR(LN(J156/G156),IFERROR(LN(K156/G156),"")))) -> -0.010290827
... A194: 43101 | B194: 43129 | C194: =IF(B194="","",B194+1) -> 43130 | D194: =IF(B194="","",B194+2) -> 43131 | E194: =IF(B194="","",B194+3) -> 43132 | F194: =IF(B194="","",B194+4) -> 43133 | G194: =VLOOKUP(B194,COLCAP!B195:C4594,2,0) -> 1598.4 | H194: =VLOOKUP(C194,COLCAP!B195:C4594,2,0) -> 1582.98 | I194: =VLOOKUP(D194,COLCAP!B195:C4594,2,0) -> 1558.18 | J194: =VLOOKUP(E194,COLCAP!B195:C4594,2,0) -> 1580.97 | K194: =VLOOKUP(F194,COLCAP!B195:C4594,2,0) -> 1567.74 | L194: =IFERROR(LN(H194/G194),IFERROR(LN(I194/G194),IFERROR(LN(J194/G194),IFERROR(LN(K194/G194),"")))) -> -0.0096939823
A195: 43132 | C195: =IF(B195="","",B195+1) | D195: =IF(B195="","",B195+2) | E195: =IF(B195="","",B195+3) | F195: =IF(B195="","",B195+4) | G195: =VLOOKUP(B195,COLCAP!B196:C4595,2,0) -> #N/A | H195: =VLOOKUP(C195,COLCAP!B196:C4595,2,0) -> #N/A | I195: =VLOOKUP(D195,COLCAP!B196:C4595,2,0) -> #N/A | J195: =VLOOKUP(E195,COLCAP!B196:C4595,2,0) -> #N/A | K195: =VLOOKUP(F195,COLCAP!B196:C4595,2,0) -> #N/A | L195: =IFERROR(LN(H195/G195),IFERROR(LN(I195/G195),IFERROR(LN(J195/G195),IFERROR(LN(K195/G195),""))))
A196: 43160 | B196: 43179 | C196: =IF(B196="","",B196+1) -> 43180 | D196: =IF(B196="","",B196+2) -> 43181 | E196: =IF(B196="","",B196+3) -> 43182 | F196: =IF(B196="","",B196+4) -> 43183 | G196: =VLOOKUP(B196,COLCAP!B197:C4596,2,0) -> 1476.89 | H196: =VLOOKUP(C196,COLCAP!B197:C4596,2,0) -> 1486.03 | I196: =VLOOKUP(D196,COLCAP!B197:C4596,2,0) -> 1468.44 | J196: =VLOOKUP(E196,COLCAP!B197:C4596,2,0) -> 1459.06 | K196: =VLOOKUP(F196,COLCAP!B197:C4596,2,0) -> #N/A | L196: =IFERROR(LN(H196/G196),IFERROR(LN(I196/G196),IFERROR(LN(J196/G196),IFERROR(LN(K196/G196),"")))) -> 0.006169609
A197: 43191 | B197: 43217 | C197: =IF(B197="","",B197+1) -> 43218 | D197: =IF(B197="","",B197+2) -> 43219 | E197: =IF(B197="","",B197+3) -> 43220 | F197: =IF(B197="","",B197+4) -> 43221 | G197: =VLOOKUP(B197,COLCAP!B198:C4597,2,0) -> 1566.45 | H197: =VLOOKUP(C197,COLCAP!B198:C4597,2,0) -> #N/A | I197: =VLOOKUP(D197,COLCAP!B198:C4597,2,0) -> #N/A | J197: =VLOOKUP(E197,COLCAP!B198:C4597,2,0) -> 1565.56 | K197: =VLOOKUP(F197,COLCAP!B198:C4597,2,0) -> #N/A | L197: =IFERROR(LN(H197/G197),IFERROR(LN(I197/G197),IFERROR(LN(J197/G197),IFERROR(LN(K197/G197),"")))) -> -0.00056832515
A198: 43221 | C198: =IF(B198="","",B198+1) | D198: =IF(B198="","",B198+2) | E198: =IF(B198="","",B198+3) | F198: =IF(B198="","",B198+4) | G198: =VLOOKUP(B198,COLCAP!B199:C4598,2,0) -> #N/A | H198: =VLOOKUP(C198,COLCAP!B199:C4598,2,0) -> #N/A | I198: =VLOOKUP(D198,COLCAP!B199:C4598,2,0) -> #N/A | J198: =VLOOKUP(E198,COLCAP!B199:C4598,2,0) -> #N/A | K198: =VLOOKUP(F198,COLCAP!B199:C4598,2,0) -> #N/A | L198: =IFERROR(LN(H198/G198),IFERROR(LN(I198/G198),IFERROR(LN(J198/G198),IFERROR(LN(K198/G198),""))))
A199: 43252 | B199: 43280 | C199: =IF(B199="","",B199+1) -> 43281 | D199: =IF(B199="","",B199+2) -> 43282 | E199: =IF(B199="","",B199+3) -> 43283 | F199: =IF(B199="","",B199+4) -> 43284 | G199: =VLOOKUP(B199,COLCAP!B200:C4599,2,0) -> 1577.01 | H199: =VLOOKUP(C199,COLCAP!B200:C4599,2,0) -> #N/A | I199: =VLOOKUP(D199,COLCAP!B200:C4599,2,0) -> #N/A | J199: =VLOOKUP(E199,COLCAP!B200:C4599,2,0) -> #N/A | K199: =VLOOKUP(F199,COLCAP!B200:C4599,2,0) -> 1561.27 | L199: =IFERROR(LN(H199/G199),IFERROR(LN(I199/G199),IFERROR(LN(J199/G199),IFERROR(LN(K199/G199),"")))) -> -0.010031056
A200: 43282 | B200: 43308 | C200: =IF(B200="","",B200+1) -> 43309 | D200: =IF(B200="","",B200+2) -> 43310 | E200: =IF(B200="","",B200+3) -> 43311 | F200: =IF(B200="","",B200+4) -> 43312 | G200: =VLOOKUP(B200,COLCAP!B201:C4600,2,0) -> 1536.13 | H200: =VLOOKUP(C200,COLCAP!B201:C4600,2,0) -> #N/A | I200: =VLOOKUP(D200,COLCAP!B201:C4600,2,0) -> #N/A | J200: =VLOOKUP(E200,COLCAP!B201:C4600,2,0) -> 1548.13 | K200: =VLOOKUP(F200,COLCAP!B201:C4600,2,0) -> 1526.6 | L200: =IFERROR(LN(H200/G200),IFERROR(LN(I200/G200),IFERROR(LN(J200/G200),IFERROR(LN(K200/G200),"")))) -> 0.0077814844
A201: 43313 | C201: =IF(B201="","",B201+1) | D201: =IF(B201="","",B201+2) | E201: =IF(B201="","",B201+3) | F201: =IF(B201="","",B201+4) | G201: =VLOOKUP(B201,COLCAP!B202:C4601,2,0) -> #N/A | H201: =VLOOKUP(C201,COLCAP!B202:C4601,2,0) -> #N/A | I201: =VLOOKUP(D201,COLCAP!B202:C4601,2,0) -> #N/A | J201: =VLOOKUP(E201,COLCAP!B202:C4601,2,0) -> #N/A | K201: =VLOOKUP(F201,COLCAP!B202:C4601,2,0) -> #N/A | L201: =IFERROR(LN(H201/G201),IFERROR(LN(I201/G201),IFERROR(LN(J201/G201),IFERROR(LN(K201/G201),""))))
A202: 43344 | B202: 43371 | C202: =IF(B202="","",B202+1) -> 43372 | D202: =IF(B202="","",B202+2) -> 43373 | E202: =IF(B202="","",B202+3) -> 43374 | F202: =IF(B202="","",B202+4) -> 43375 | G202: =VLOOKUP(B202,COLCAP!B203:C4602,2,0) -> 1506.07 | H202: =VLOOKUP(C202,COLCAP!B203:C4602,2,0) -> #N/A | I202: =VLOOKUP(D202,COLCAP!B203:C4602,2,0) -> #N/A | J202: =VLOOKUP(E202,COLCAP!B203:C4602,2,0) -> 1512.97 | K202: =VLOOKUP(F202,COLCAP!B203:C4602,2,0) -> 1511.94 | L202: =IFERROR(LN(H202/G202),IFERROR(LN(I202/G202),IFERROR(LN(J202/G202),IFERROR(LN(K202/G202),"")))) -> 0.0045709974
A203: 43374 | B203: 43399 | C203: =IF(B203="","",B203+1) -> 43400 | D203: =IF(B203="","",B203+2) -> 43401 | E203: =IF(B203="","",B203+3) -> 43402 | F203: =IF(B203="","",B203+4) -> 43403 | G203: =VLOOKUP(B203,COLCAP!B204:C4603,2,0) -> 1397.17 | H203: =VLOOKUP(C203,COLCAP!B204:C4603,2,0) -> #N/A | I203: =VLOOKUP(D203,COLCAP!B204:C4603,2,0) -> #N/A | J203: =VLOOKUP(E203,COLCAP!B204:C4603,2,0) -> 1392.46 | K203: =VLOOKUP(F203,COLCAP!B204:C4603,2,0) -> 1394.92 | L203: =IFERROR(LN(H203/G203),IFERROR(LN(I203/G203),IFERROR(LN(J203/G203),IFERROR(LN(K203/G203),"")))) -> -0.0033767951
A204: 43405 | C204: =IF(B204="","",B204+1) | D204: =IF(B204="","",B204+2) | E204: =IF(B204="","",B204+3) | F204: =IF(B204="","",B204+4) | G204: =VLOOKUP(B204,COLCAP!B205:C4604,2,0) -> #N/A | H204: =VLOOKUP(C204,COLCAP!B205:C4604,2,0) -> #N/A | I204: =VLOOKUP(D204,COLCAP!B205:C4604,2,0) -> #N/A | J204: =VLOOKUP(E204,COLCAP!B205:C4604,2,0) -> #N/A | K204: =VLOOKUP(F204,COLCAP!B205:C4604,2,0) -> #N/A | L204: =IFERROR(LN(H204/G204),IFERROR(LN(I204/G204),IFERROR(LN(J204/G204),IFERROR(LN(K204/G204),""))))
A205: 43435 | B205: 43455 | C205: =IF(B205="","",B205+1) -> 43456 | D205: =IF(B205="","",B205+2) -> 43457 | E205: =IF(B205="","",B205+3) -> 43458 | F205: =IF(B205="","",B205+4) -> 43459 | G205: =VLOOKUP(B205,COLCAP!B206:C4605,2,0) -> 1301.86 | H205: =VLOOKUP(C205,COLCAP!B206:C4605,2,0) -> #N/A | I205: =VLOOKUP(D205,COLCAP!B206:C4605,2,0) -> #N/A | J205: =VLOOKUP(E205,COLCAP!B206:C4605,2,0) -> 1301.6 | K205: =VLOOKUP(F205,COLCAP!B206:C4605,2,0) -> #N/A | L205: =IFERROR(LN(H205/G205),IFERROR(LN(I205/G205),IFERROR(LN(J205/G205),IFERROR(LN(K205/G205),"")))) -> -0.0001997342
A206: 43466 | B206: 43496 | C206: =IF(B206="","",B206+1) -> 43497 | D206: =IF(B206="","",B206+2) -> 43498 | E206: =IF(B206="","",B206+3) -> 43499 | F206: =IF(B206="","",B206+4) -> 43500 | G206: =VLOOKUP(B206,COLCAP!B207:C4606,2,0) -> 1447.01 | H206: =VLOOKUP(C206,COLCAP!B207:C4606,2,0) -> 1462.03 | I206: =VLOOKUP(D206,COLCAP!B207:C4606,2,0) -> #N/A | J206: =VLOOKUP(E206,COLCAP!B207:C4606,2,0) -> #N/A | K206: =VLOOKUP(F206,COLCAP!B207:C4606,2,0) -> 1474.94 | L206: =IFERROR(LN(H206/G206),IFERROR(LN(I206/G206),IFERROR(LN(J206/G206),IFERROR(LN(K206/G206),"")))) -> 0.010326522
A207: 43497 | C207: =IF(B207="","",B207+1) | D207: =IF(B207="","",B207+2) | E207: =IF(B207="","",B207+3) | F207: =IF(B207="","",B207+4) | G207: =VLOOKUP(B207,COLCAP!B208:C4607,2,0) -> #N/A | H207: =VLOOKUP(C207,COLCAP!B208:C4607,2,0) -> #N/A | I207: =VLOOKUP(D207,COLCAP!B208:C4607,2,0) -> #N/A | J207: =VLOOKUP(E207,COLCAP!B208:C4607,2,0) -> #N/A | K207: =VLOOKUP(F207,COLCAP!B208:C4607,2,0) -> #N/A | L207: =IFERROR(LN(H207/G207),IFERROR(LN(I207/G207),IFERROR(LN(J207/G207),IFERROR(LN(K207/G207),""))))
A208: 43525 | B208: 43546 | C208: =IF(B208="","",B208+1) -> 43547 | D208: =IF(B208="","",B208+2) -> 43548 | E208: =IF(B208="","",B208+3) -> 43549 | F208: =IF(B208="","",B208+4) -> 43550 | G208: =VLOOKUP(B208,COLCAP!B209:C4608,2,0) -> 1597.19 | H208: =VLOOKUP(C208,COLCAP!B209:C4608,2,0) -> #N/A | I208: =VLOOKUP(D208,COLCAP!B209:C4608,2,0) -> #N/A | J208: =VLOOKUP(E208,COLCAP!B209:C4608,2,0) -> #N/A | K208: =VLOOKUP(F208,COLCAP!B209:C4608,2,0) -> 1607.03 | L208: =IFERROR(LN(H208/G208),IFERROR(LN(I208/G208),IFERROR(LN(J208/G208),IFERROR(LN(K208/G208),"")))) -> 0.0061419197
A209: 43556 | B209: 43581 | C209: =IF(B209="","",B209+1) -> 43582 | D209: =IF(B209="","",B209+2) -> 43583 | E209: =IF(B209="","",B209+3) -> 43584 | F209: =IF(B209="","",B209+4) -> 43585 | G209: =VLOOKUP(B209,COLCAP!B210:C4609,2,0) -> 1597.75 | H209: =VLOOKUP(C209,COLCAP!B210:C4609,2,0) -> #N/A | I209: =VLOOKUP(D209,COLCAP!B210:C4609,2,0) -> #N/A | J209: =VLOOKUP(E209,COLCAP!B210:C4609,2,0) -> 1590.38 | K209: =VLOOKUP(F209,COLCAP!B210:C4609,2,0) -> 1573.64 | L209: =IFERROR(LN(H209/G209),IFERROR(LN(I209/G209),IFERROR(LN(J209/G209),IFERROR(LN(K209/G209),"")))) -> -0.0046234082
A210: 43586 | C210: =IF(B210="","",B210+1) | D210: =IF(B210="","",B210+2) | E210: =IF(B210="","",B210+3) | F210: =IF(B210="","",B210+4) | G210: =VLOOKUP(B210,COLCAP!B211:C4610,2,0) -> #N/A | H210: =VLOOKUP(C210,COLCAP!B211:C4610,2,0) -> #N/A | I210: =VLOOKUP(D210,COLCAP!B211:C4610,2,0) -> #N/A | J210: =VLOOKUP(E210,COLCAP!B211:C4610,2,0) -> #N/A | K210: =VLOOKUP(F210,COLCAP!B211:C4610,2,0) -> #N/A | L210: =IFERROR(LN(H210/G210),IFERROR(LN(I210/G210),IFERROR(LN(J210/G210),IFERROR(LN(K210/G210),""))))
A211: 43617 | B211: 43637 | C211: =IF(B211="","",B211+1) -> 43638 | D211: =IF(B211="","",B211+2) -> 43639 | E211: =IF(B211="","",B211+3) -> 43640 | F211: =IF(B211="","",B211+4) -> 43641 | G211: =VLOOKUP(B211,COLCAP!B212:C4611,2,0) -> 1560.19 | H211: =VLOOKUP(C211,COLCAP!B212:C4611,2,0) -> #N/A | I211: =VLOOKUP(D211,COLCAP!B212:C4611,2,0) -> #N/A | J211: =VLOOKUP(E211,COLCAP!B212:C4611,2,0) -> #N/A | K211: =VLOOKUP(F211,COLCAP!B212:C4611,2,0) -> 1557.86 | L211: =IFERROR(LN(H211/G211),IFERROR(LN(I211/G211),IFERROR(LN(J211/G211),IFERROR(LN(K211/G211),"")))) -> -0.0014945241
A212: 43647 | B212: 43673 | C212: =IF(B212="","",B212+1) -> 43674 | D212: =IF(B212="","",B212+2) -> 43675 | E212: =IF(B212="","",B212+3) -> 43676 | F212: =IF(B212="","",B212+4) -> 43677 | G212: =VLOOKUP(B212,COLCAP!B213:C4612,2,0) -> #N/A | H212: =VLOOKUP(C212,COLCAP!B213:C4612,2,0) -> #N/A | I212: =VLOOKUP(D212,COLCAP!B213:C4612,2,0) -> 1585.26 | J212: =VLOOKUP(E212,COLCAP!B213:C4612,2,0) -> 1568.06 | K212: =VLOOKUP(F212,COLCAP!B213:C4612,2,0) -> 1562.13 | L212: =IFERROR(LN(H212/G212),IFERROR(LN(I212/G212),IFERROR(LN(J212/G212),IFERROR(LN(K212/G212),""))))
A213: 43678 | C213: =IF(B213="","",B213+1) | D213: =IF(B213="","",B213+2) | E213: =IF(B213="","",B213+3) | F213: =IF(B213="","",B213+4) | G213: =VLOOKUP(B213,COLCAP!B214:C4613,2,0) -> #N/A | H213: =VLOOKUP(C213,COLCAP!B214:C4613,2,0) -> #N/A | I213: =VLOOKUP(D213,COLCAP!B214:C4613,2,0) -> #N/A | J213: =VLOOKUP(E213,COLCAP!B214:C4613,2,0) -> #N/A | K213: =VLOOKUP(F213,COLCAP!B214:C4613,2,0) -> #N/A | L213: =IFERROR(LN(H213/G213),IFERROR(LN(I213/G213),IFERROR(LN(J213/G213),IFERROR(LN(K213/G213),""))))
A214: 43709 | B214: 43731 | C214: =IF(B214="","",B214+1) -> 43732 | D214: =IF(B214="","",B214+2) -> 43733 | E214: =IF(B214="","",B214+3) -> 43734 | F214: =IF(B214="","",B214+4) -> 43735 | G214: =VLOOKUP(B214,COLCAP!B215:C4614,2,0) -> 1597.15 | H214: =VLOOKUP(C214,COLCAP!B215:C4614,2,0) -> 1591.09 | I214: =VLOOKUP(D214,COLCAP!B215:C4614,2,0) -> 1596.35 | J214: =VLOOKUP(E214,COLCAP!B215:C4614,2,0) -> 1601.43 | K214: =VLOOKUP(F214,COLCAP!B215:C4614,2,0) -> 1584.99 | L214: =IFERROR(LN(H214/G214),IFERROR(LN(I214/G214),IFERROR(LN(J214/G214),IFERROR(LN(K214/G214),"")))) -> -0.003801475
A215: 43739 | B215: 43769 | C215: =IF(B215="","",B215+1) -> 43770 | D215: =IF(B215="","",B215+2) -> 43771 | E215: =IF(B215="","",B215+3) -> 43772 | F215: =IF(B215="","",B215+4) -> 43773 | G215: =VLOOKUP(B215,COLCAP!B216:C4615,2,0) -> 1633.15 | H215: =VLOOKUP(C215,COLCAP!B216:C4615,2,0) -> 1645.88 | I215: =VLOOKUP(D215,COLCAP!B216:C4615,2,0) -> #N/A | J215: =VLOOKUP(E215,COLCAP!B216:C4615,2,0) -> #N/A | K215: =VLOOKUP(F215,COLCAP!B216:C4615,2,0) -> #N/A | L215: =IFERROR(LN(H215/G215),IFERROR(LN(I215/G215),IFERROR(LN(J215/G215),IFERROR(LN(K215/G215),"")))) -> 0.0077645303
A216: 43770 | C216: =IF(B216="","",B216+1) | D216: =IF(B216="","",B216+2) | E216: =IF(B216="","",B216+3) | F216: =IF(B216="","",B216+4) | G216: =VLOOKUP(B216,COLCAP!B217:C4616,2,0) -> #N/A | H216: =VLOOKUP(C216,COLCAP!B217:C4616,2,0) -> #N/A | I216: =VLOOKUP(D216,COLCAP!B217:C4616,2,0) -> #N/A | J216: =VLOOKUP(E216,COLCAP!B217:C4616,2,0) -> #N/A | K216: =VLOOKUP(F216,COLCAP!B217:C4616,2,0) -> #N/A | L216: =IFERROR(LN(H216/G216),IFERROR(LN(I216/G216),IFERROR(LN(J216/G216),IFERROR(LN(K216/G216),""))))
A217: 43800 | B217: 43819 | C217: =IF(B217="","",B217+1) -> 43820 | D217: =IF(B217="","",B217+2) -> 43821 | E217: =IF(B217="","",B217+3) -> 43822 | F217: =IF(B217="","",B217+4) -> 43823 | G217: =VLOOKUP(B217,COLCAP!B218:C4617,2,0) -> 1642.86 | H217: =VLOOKUP(C217,COLCAP!B218:C4617,2,0) -> #N/A | I217: =VLOOKUP(D217,COLCAP!B218:C4617,2,0) -> #N/A | J217: =VLOOKUP(E217,COLCAP!B218:C4617,2,0) -> 1665.04 | K217: =VLOOKUP(F217,COLCAP!B218:C4617,2,0) -> 1666.62 | L217: =IFERROR(LN(H217/G217),IFERROR(LN(I217/G217),IFERROR(LN(J217/G217),IFERROR(LN(K217/G217),"")))) -> 0.013410522
A218: 43831 | B218: 43861 | C218: =IF(B218="","",B218+1) -> 43862 | D218: =IF(B218="","",B218+2) -> 43863 | E218: =IF(B218="","",B218+3) -> 43864 | F218: =IF(B218="","",B218+4) -> 43865 | G218: =VLOOKUP(B218,COLCAP!B219:C4618,2,0) -> 1623.83 | H218: =VLOOKUP(C218,COLCAP!B219:C4618,2,0) -> #N/A | I218: =VLOOKUP(D218,COLCAP!B219:C4618,2,0) -> #N/A | J218: =VLOOKUP(E218,COLCAP!B219:C4618,2,0) -> 1625.18 | K218: =VLOOKUP(F218,COLCAP!B219:C4618,2,0) -> 1643.92 | L218: =IFERROR(LN(H218/G218),IFERROR(LN(I218/G218),IFERROR(LN(J218/G218),IFERROR(LN(K218/G218),"")))) -> 0.00083102242
A219: 43862 | C219: =IF(B219="","",B219+1) | D219: =IF(B219="","",B219+2) | E219: =IF(B219="","",B219+3) | F219: =IF(B219="","",B219+4) | G219: =VLOOKUP(B219,COLCAP!B220:C4619,2,0) -> #N/A | H219: =VLOOKUP(C219,COLCAP!B220:C4619,2,0) -> #N/A | I219: =VLOOKUP(D219,COLCAP!B220:C4619,2,0) -> #N/A | J219: =VLOOKUP(E219,COLCAP!B220:C4619,2,0) -> #N/A | K219: =VLOOKUP(F219,COLCAP!B220:C4619,2,0) -> #N/A | L219: =IFERROR(LN(H219/G219),IFERROR(LN(I219/G219),IFERROR(LN(J219/G219),IFERROR(LN(K219/G219),""))))
A220: 43891 | B220: 43917 | C220: =IF(B220="","",B220+1) -> 43918 | D220: =IF(B220="","",B220+2) -> 43919 | E220: =IF(B220="","",B220+3) -> 43920 | F220: =IF(B220="","",B220+4) -> 43921 | G220: =VLOOKUP(B220,COLCAP!B221:C4620,2,0) -> 1147.54 | H220: =VLOOKUP(C220,COLCAP!B221:C4620,2,0) -> #N/A | I220: =VLOOKUP(D220,COLCAP!B221:C4620,2,0) -> #N/A | J220: =VLOOKUP(E220,COLCAP!B221:C4620,2,0) -> 1129.18 | K220: =VLOOKUP(F220,COLCAP!B221:C4620,2,0) -> 1123.85 | L220: =IFERROR(LN(H220/G220),IFERROR(LN(I220/G220),IFERROR(LN(J220/G220),IFERROR(LN(K220/G220),"")))) -> -0.016128815
A221: 43922 | B221: 43951 | C221: =IF(B221="","",B221+1) -> 43952 | D221: =IF(B221="","",B221+2) -> 43953 | E221: =IF(B221="","",B221+3) -> 43954 | F221: =IF(B221="","",B221+4) -> 43955 | G221: =VLOOKUP(B221,COLCAP!B222:C4621,2,0) -> 1142.04 | H221: =VLOOKUP(C221,COLCAP!B222:C4621,2,0) -> #N/A | I221: =VLOOKUP(D221,COLCAP!B222:C4621,2,0) -> #N/A | J221: =VLOOKUP(E221,COLCAP!B222:C4621,2,0) -> #N/A | K221: =VLOOKUP(F221,COLCAP!B222:C4621,2,0) -> 1105.43 | L221: =IFERROR(LN(H221/G221),IFERROR(LN(I221/G221),IFERROR(LN(J221/G221),IFERROR(LN(K221/G221),"")))) -> -0.032581737
A222: 43952 | B222: 43980 | C222: =IF(B222="","",B222+1) -> 43981 | D222: =IF(B222="","",B222+2) -> 43982 | E222: =IF(B222="","",B222+3) -> 43983 | F222: =IF(B222="","",B222+4) -> 43984 | G222: =VLOOKUP(B222,COLCAP!B223:C4622,2,0) -> 1095.84 | H222: =VLOOKUP(C222,COLCAP!B223:C4622,2,0) -> #N/A | I222: =VLOOKUP(D222,COLCAP!B223:C4622,2,0) -> #N/A | J222: =VLOOKUP(E222,COLCAP!B223:C4622,2,0) -> 1117.02 | K222: =VLOOKUP(F222,COLCAP!B223:C4622,2,0) -> 1117.69 | L222: =IFERROR(LN(H222/G222),IFERROR(LN(I222/G222),IFERROR(LN(J222/G222),IFERROR(LN(K222/G222),"")))) -> 0.019143233
A223: 43983 | B223: 44012 | C223: =IF(B223="","",B223+1) -> 44013 | D223: =IF(B223="","",B223+2) -> 44014 | E223: =IF(B223="","",B223+3) -> 44015 | F223: =IF(B223="","",B223+4) -> 44016 | G223: =VLOOKUP(B223,COLCAP!B224:C4623,2,0) -> 1111.8 | H223: =VLOOKUP(C223,COLCAP!B224:C4623,2,0) -> 1109.91 | I223: =VLOOKUP(D223,COLCAP!B224:C4623,2,0) -> 1118.97 | J223: =VLOOKUP(E223,COLCAP!B224:C4623,2,0) -> 1125.26 | K223: =VLOOKUP(F223,COLCAP!B224:C4623,2,0) -> #N/A | L223: =IFERROR(LN(H223/G223),IFERROR(LN(I223/G223),IFERROR(LN(J223/G223),IFERROR(LN(K223/G223),"")))) -> -0.0017013926
A224: 44013 | B224: 44043 | C224: =IF(B224="","",B224+1) -> 44044 | D224: =IF(B224="","",B224+2) -> 44045 | E224: =IF(B224="","",B224+3) -> 44046 | F224: =IF(B224="","",B224+4) -> 44047 | G224: =VLOOKUP(B224,COLCAP!B225:C4624,2,0) -> 1134.34 | H224: =VLOOKUP(C224,COLCAP!B225:C4624,2,0) -> #N/A | I224: =VLOOKUP(D224,COLCAP!B225:C4624,2,0) -> #N/A | J224: =VLOOKUP(E224,COLCAP!B225:C4624,2,0) -> 1133.1 | K224: =VLOOKUP(F224,COLCAP!B225:C4624,2,0) -> 1128.41 | L224: =IFERROR(LN(H224/G224),IFERROR(LN(I224/G224),IFERROR(LN(J224/G224),IFERROR(LN(K224/G224),"")))) -> -0.0010937446
A225: 44044 | B225: 44074 | C225: =IF(B225="","",B225+1) -> 44075 | D225: =IF(B225="","",B225+2) -> 44076 | E225: =IF(B225="","",B225+3) -> 44077 | F225: =IF(B225="","",B225+4) -> 44078 | G225: =VLOOKUP(B225,COLCAP!B226:C4625,2,0) -> 1216.03 | H225: =VLOOKUP(C225,COLCAP!B226:C4625,2,0) -> 1255.76 | I225: =VLOOKUP(D225,COLCAP!B226:C4625,2,0) -> 1258.16 | J225: =VLOOKUP(E225,COLCAP!B226:C4625,2,0) -> 1246.82 | K225: =VLOOKUP(F225,COLCAP!B226:C4625,2,0) -> 1240.24 | L225: =IFERROR(LN(H225/G225),IFERROR(LN(I225/G225),IFERROR(LN(J225/G225),IFERROR(LN(K225/G225),"")))) -> 0.032149513
A226: 44075 | B226: 44099 | C226: =IF(B226="","",B226+1) -> 44100 | D226: =IF(B226="","",B226+2) -> 44101 | E226: =IF(B226="","",B226+3) -> 44102 | F226: =IF(B226="","",B226+4) -> 44103 | G226: =VLOOKUP(B226,COLCAP!B227:C4626,2,0) -> 1171.35 | H226: =VLOOKUP(C226,COLCAP!B227:C4626,2,0) -> #N/A | I226: =VLOOKUP(D226,COLCAP!B227:C4626,2,0) -> #N/A | J226: =VLOOKUP(E226,COLCAP!B227:C4626,2,0) -> 1176.66 | K226: =VLOOKUP(F226,COLCAP!B227:C4626,2,0) -> 1165.75 | L226: =IFERROR(LN(H226/G226),IFERROR(LN(I226/G226),IFERROR(LN(J226/G226),IFERROR(LN(K226/G226),"")))) -> 0.0045229867
A227: 44105 | B227: 44134 | C227: =IF(B227="","",B227+1) -> 44135 | D227: =IF(B227="","",B227+2) -> 44136 | E227: =IF(B227="","",B227+3) -> 44137 | F227: =IF(B227="","",B227+4) -> 44138 | G227: =VLOOKUP(B227,COLCAP!B228:C4627,2,0) -> 1136.75 | H227: =VLOOKUP(C227,COLCAP!B228:C4627,2,0) -> #N/A | I227: =VLOOKUP(D227,COLCAP!B228:C4627,2,0) -> #N/A | J227: =VLOOKUP(E227,COLCAP!B228:C4627,2,0) -> #N/A | K227: =VLOOKUP(F227,COLCAP!B228:C4627,2,0) -> 1151.37 | L227: =IFERROR(LN(H227/G227),IFERROR(LN(I227/G227),IFERROR(LN(J227/G227),IFERROR(LN(K227/G227),"")))) -> 0.012779224
A228: 44136 | B228: 44162 | C228: =IF(B228="","",B228+1) -> 44163 | D228: =IF(B228="","",B228+2) -> 44164 | E228: =IF(B228="","",B228+3) -> 44165 | F228: =IF(B228="","",B228+4) -> 44166 | G228: =VLOOKUP(B228,COLCAP!B229:C4628,2,0) -> 1261.74 | H228: =VLOOKUP(C228,COLCAP!B229:C4628,2,0) -> #N/A | I228: =VLOOKUP(D228,COLCAP!B229:C4628,2,0) -> #N/A | J228: =VLOOKUP(E228,COLCAP!B229:C4628,2,0) -> 1258 | K228: =VLOOKUP(F228,COLCAP!B229:C4628,2,0) -> 1285.12 | L228: =IFERROR(LN(H228/G228),IFERROR(LN(I228/G228),IFERROR(LN(J228/G228),IFERROR(LN(K228/G228),"")))) -> -0.0029685624
A229: 44166 | B229: 44183 | C229: =IF(B229="","",B229+1) -> 44184 | D229: =IF(B229="","",B229+2) -> 44185 | E229: =IF(B229="","",B229+3) -> 44186 | F229: =IF(B229="","",B229+4) -> 44187 | G229: =VLOOKUP(B229,COLCAP!B230:C4629,2,0) -> 1426.47 | H229: =VLOOKUP(C229,COLCAP!B230:C4629,2,0) -> #N/A | I229: =VLOOKUP(D229,COLCAP!B230:C4629,2,0) -> #N/A | J229: =VLOOKUP(E229,COLCAP!B230:C4629,2,0) -> 1377.38 | K229: =VLOOKUP(F229,COLCAP!B230:C4629,2,0) -> 1400.91 | L229: =IFERROR(LN(H229/G229),IFERROR(LN(I229/G229),IFERROR(LN(J229/G229),IFERROR(LN(K229/G229),"")))) -> -0.035019717
A230: 44197 | B230: 44225 | C230: =IF(B230="","",B230+1) -> 44226 | D230: =IF(B230="","",B230+2) -> 44227 | E230: =IF(B230="","",B230+3) -> 44228 | F230: =IF(B230="","",B230+4) -> 44229 | G230: =VLOOKUP(B230,COLCAP!B231:C4630,2,0) -> 1348.12 | H230: =VLOOKUP(C230,COLCAP!B231:C4630,2,0) -> #N/A | I230: =VLOOKUP(D230,COLCAP!B231:C4630,2,0) -> #N/A | J230: =VLOOKUP(E230,COLCAP!B231:C4630,2,0) -> 1357.16 | K230: =VLOOKUP(F230,COLCAP!B231:C4630,2,0) -> 1368.3 | L230: =IFERROR(LN(H230/G230),IFERROR(LN(I230/G230),IFERROR(LN(J230/G230),IFERROR(LN(K230/G230),"")))) -> 0.0066832518
A231: 44228 | C231: =IF(B231="","",B231+1) | D231: =IF(B231="","",B231+2) | E231: =IF(B231="","",B231+3) | F231: =IF(B231="","",B231+4) | G231: =VLOOKUP(B231,COLCAP!B232:C4631,2,0) -> #N/A | H231: =VLOOKUP(C231,COLCAP!B232:C4631,2,0) -> #N/A | I231: =VLOOKUP(D231,COLCAP!B232:C4631,2,0) -> #N/A | J231: =VLOOKUP(E231,COLCAP!B232:C4631,2,0) -> #N/A | K231: =VLOOKUP(F231,COLCAP!B232:C4631,2,0) -> #N/A | L231: =IFERROR(LN(H231/G231),IFERROR(LN(I231/G231),IFERROR(LN(J231/G231),IFERROR(LN(K231/G231),""))))
A232: 44256 | B232: 44281 | C232: =IF(B232="","",B232+1) -> 44282 | D232: =IF(B232="","",B232+2) -> 44283 | E232: =IF(B232="","",B232+3) -> 44284 | F232: =IF(B232="","",B232+4) -> 44285 | G232: =VLOOKUP(B232,COLCAP!B233:C4632,2,0) -> 1314.46 | H232: =VLOOKUP(C232,COLCAP!B233:C4632,2,0) -> #N/A | I232: =VLOOKUP(D232,COLCAP!B233:C4632,2,0) -> #N/A | J232: =VLOOKUP(E232,COLCAP!B233:C4632,2,0) -> 1320.83 | K232: =VLOOKUP(F232,COLCAP!B233:C4632,2,0) -> 1327.32 | L232: =IFERROR(LN(H232/G232),IFERROR(LN(I232/G232),IFERROR(LN(J232/G232),IFERROR(LN(K232/G232),"")))) -> 0.004834392
A233: 44287 | B233: 44316 | C233: =IF(B233="","",B233+1) -> 44317 | D233: =IF(B233="","",B233+2) -> 44318 | E233: =IF(B233="","",B233+3) -> 44319 | F233: =IF(B233="","",B233+4) -> 44320 | G233: =VLOOKUP(B233,COLCAP!B234:C4633,2,0) -> 1250.65 | H233: =VLOOKUP(C233,COLCAP!B234:C4633,2,0) -> #N/A | I233: =VLOOKUP(D233,COLCAP!B234:C4633,2,0) -> #N/A | J233: =VLOOKUP(E233,COLCAP!B234:C4633,2,0) -> 1216.62 | K233: =VLOOKUP(F233,COLCAP!B234:C4633,2,0) -> 1217.67 | L233: =IFERROR(LN(H233/G233),IFERROR(LN(I233/G233),IFERROR(LN(J233/G233),IFERROR(LN(K233/G233),"")))) -> -0.027586894
A234: 44317 | C234: =IF(B234="","",B234+1) | D234: =IF(B234="","",B234+2) | E234: =IF(B234="","",B234+3) | F234: =IF(B234="","",B234+4) | G234: =VLOOKUP(B234,COLCAP!B235:C4634,2,0) -> #N/A | H234: =VLOOKUP(C234,COLCAP!B235:C4634,2,0) -> #N/A | I234: =VLOOKUP(D234,COLCAP!B235:C4634,2,0) -> #N/A | J234: =VLOOKUP(E234,COLCAP!B235:C4634,2,0) -> #N/A | K234: =VLOOKUP(F234,COLCAP!B235:C4634,2,0) -> #N/A | L234: =IFERROR(LN(H234/G234),IFERROR(LN(I234/G234),IFERROR(LN(J234/G234),IFERROR(LN(K234/G234),""))))
A235: 44348 | B235: 44375 | C235: =IF(B235="","",B235+1) -> 44376 | D235: =IF(B235="","",B235+2) -> 44377 | E235: =IF(B235="","",B235+3) -> 44378 | F235: =IF(B235="","",B235+4) -> 44379 | G235: =VLOOKUP(B235,COLCAP!B236:C4635,2,0) -> 1270.88 | H235: =VLOOKUP(C235,COLCAP!B236:C4635,2,0) -> 1257 | I235: =VLOOKUP(D235,COLCAP!B236:C4635,2,0) -> 1248.83 | J235: =VLOOKUP(E235,COLCAP!B236:C4635,2,0) -> 1260.42 | K235: =VLOOKUP(F235,COLCAP!B236:C4635,2,0) -> 1289.38 | L235: =IFERROR(LN(H235/G235),IFERROR(LN(I235/G235),IFERROR(LN(J235/G235),IFERROR(LN(K235/G235),"")))) -> -0.010981644
A236: 44378 | B236: 44407 | C236: =IF(B236="","",B236+1) -> 44408 | D236: =IF(B236="","",B236+2) -> 44409 | E236: =IF(B236="","",B236+3) -> 44410 | F236: =IF(B236="","",B236+4) -> 44411 | G236: =VLOOKUP(B236,COLCAP!B237:C4636,2,0) -> 1236.73 | H236: =VLOOKUP(C236,COLCAP!B237:C4636,2,0) -> #N/A | I236: =VLOOKUP(D236,COLCAP!B237:C4636,2,0) -> #N/A | J236: =VLOOKUP(E236,COLCAP!B237:C4636,2,0) -> 1236.03 | K236: =VLOOKUP(F236,COLCAP!B237:C4636,2,0) -> 1235.53 | L236: =IFERROR(LN(H236/G236),IFERROR(LN(I236/G236),IFERROR(LN(J236/G236),IFERROR(LN(K236/G236),"")))) -> -0.00056616899
A237: 44409 | C237: =IF(B237="","",B237+1) | D237: =IF(B237="","",B237+2) | E237: =IF(B237="","",B237+3) | F237: =IF(B237="","",B237+4) | G237: =VLOOKUP(B237,COLCAP!B238:C4637,2,0) -> #N/A | H237: =VLOOKUP(C237,COLCAP!B238:C4637,2,0) -> #N/A | I237: =VLOOKUP(D237,COLCAP!B238:C4637,2,0) -> #N/A | J237: =VLOOKUP(E237,COLCAP!B238:C4637,2,0) -> #N/A | K237: =VLOOKUP(F237,COLCAP!B238:C4637,2,0) -> #N/A | L237: =IFERROR(LN(H237/G237),IFERROR(LN(I237/G237),IFERROR(LN(J237/G237),IFERROR(LN(K237/G237),""))))
A238: 44440 | B238: 44469 | C238: =IF(B238="","",B238+1) -> 44470 | D238: =IF(B238="","",B238+2) -> 44471 | E238: =IF(B238="","",B238+3) -> 44472 | F238: =IF(B238="","",B238+4) -> 44473 | G238: =VLOOKUP(B238,COLCAP!B239:C4638,2,0) -> 1361.95 | H238: =VLOOKUP(C238,COLCAP!B239:C4638,2,0) -> 1370.25 | I238: =VLOOKUP(D238,COLCAP!B239:C4638,2,0) -> #N/A | J238: =VLOOKUP(E238,COLCAP!B239:C4638,2,0) -> #N/A | K238: =VLOOKUP(F238,COLCAP!B239:C4638,2,0) -> 1381.76 | L238: =IFERROR(LN(H238/G238),IFERROR(LN(I238/G238),IFERROR(LN(J238/G238),IFERROR(LN(K238/G238),"")))) -> 0.0060757086
A239: 44470 | B239: 44498 | C239: =IF(B239="","",B239+1) -> 44499 | D239: =IF(B239="","",B239+2) -> 44500 | E239: =IF(B239="","",B239+3) -> 44501 | F239: =IF(B239="","",B239+4) -> 44502 | G239: =VLOOKUP(B239,COLCAP!B240:C4639,2,0) -> 1394.04 | H239: =VLOOKUP(C239,COLCAP!B240:C4639,2,0) -> #N/A | I239: =VLOOKUP(D239,COLCAP!B240:C4639,2,0) -> #N/A | J239: =VLOOKUP(E239,COLCAP!B240:C4639,2,0) -> #N/A | K239: =VLOOKUP(F239,COLCAP!B240:C4639,2,0) -> 1390.5 | L239: =IFERROR(LN(H239/G239),IFERROR(LN(I239/G239),IFERROR(LN(J239/G239),IFERROR(LN(K239/G239),"")))) -> -0.0025426116
A240: 44501 | C240: =IF(B240="","",B240+1) | D240: =IF(B240="","",B240+2) | E240: =IF(B240="","",B240+3) | F240: =IF(B240="","",B240+4) | G240: =VLOOKUP(B240,COLCAP!B241:C4640,2,0) -> #N/A | H240: =VLOOKUP(C240,COLCAP!B241:C4640,2,0) -> #N/A | I240: =VLOOKUP(D240,COLCAP!B241:C4640,2,0) -> #N/A | J240: =VLOOKUP(E240,COLCAP!B241:C4640,2,0) -> #N/A | K240: =VLOOKUP(F240,COLCAP!B241:C4640,2,0) -> #N/A | L240: =IFERROR(LN(H240/G240),IFERROR(LN(I240/G240),IFERROR(LN(J240/G240),IFERROR(LN(K240/G240),""))))
A241: 44531 | B241: 44547 | C241: =IF(B241="","",B241+1) -> 44548 | D241: =IF(B241="","",B241+2) -> 44549 | E241: =IF(B241="","",B241+3) -> 44550 | F241: =IF(B241="","",B241+4) -> 44551 | G241: =VLOOKUP(B241,COLCAP!B242:C4641,2,0) -> 1395 | H241: =VLOOKUP(C241,COLCAP!B242:C4641,2,0) -> #N/A | I241: =VLOOKUP(D241,COLCAP!B242:C4641,2,0) -> #N/A | J241: =VLOOKUP(E241,COLCAP!B242:C4641,2,0) -> 1380.89 | K241: =VLOOKUP(F241,COLCAP!B242:C4641,2,0) -> 1378.82 | L241: =IFERROR(LN(H241/G241),IFERROR(LN(I241/G241),IFERROR(LN(J241/G241),IFERROR(LN(K241/G241),"")))) -> -0.010166196
A242: 44562 | B242: 44589 | C242: =IF(B242="","",B242+1) -> 44590 | D242: =IF(B242="","",B242+2) -> 44591 | E242: =IF(B242="","",B242+3) -> 44592 | F242: =IF(B242="","",B242+4) -> 44593 | G242: =VLOOKUP(B242,COLCAP!B243:C4642,2,0) -> 1529.85 | H242: =VLOOKUP(C242,COLCAP!B243:C4642,2,0) -> #N/A | I242: =VLOOKUP(D242,COLCAP!B243:C4642,2,0) -> #N/A | J242: =VLOOKUP(E242,COLCAP!B243:C4642,2,0) -> 1536.92 | K242: =VLOOKUP(F242,COLCAP!B243:C4642,2,0) -> 1538.02 | L242: =IFERROR(LN(H242/G242),IFERROR(LN(I242/G242),IFERROR(LN(J242/G242),IFERROR(LN(K242/G242),"")))) -> 0.0046107224
A243: 44593 | C243: =IF(B243="","",B243+1) | D243: =IF(B243="","",B243+2) | E243: =IF(B243="","",B243+3) | F243: =IF(B243="","",B243+4) | G243: =VLOOKUP(B243,COLCAP!B244:C4643,2,0) -> #N/A | H243: =VLOOKUP(C243,COLCAP!B244:C4643,2,0) -> #N/A | I243: =VLOOKUP(D243,COLCAP!B244:C4643,2,0) -> #N/A | J243: =VLOOKUP(E243,COLCAP!B244:C4643,2,0) -> #N/A | K243: =VLOOKUP(F243,COLCAP!B244:C4643,2,0) -> #N/A | L243: =IFERROR(LN(H243/G243),IFERROR(LN(I243/G243),IFERROR(LN(J243/G243),IFERROR(LN(K243/G243),""))))
A244: 44621 | B244: 44651 | C244: =IF(B244="","",B244+1) -> 44652 | D244: =IF(B244="","",B244+2) -> 44653 | E244: =IF(B244="","",B244+3) -> 44654 | F244: =IF(B244="","",B244+4) -> 44655 | G244: =VLOOKUP(B244,COLCAP!B245:C4644,2,0) -> 1616.08 | H244: =VLOOKUP(C244,COLCAP!B245:C4644,2,0) -> 1626.89 | I244: =VLOOKUP(D244,COLCAP!B245:C4644,2,0) -> #N/A | J244: =VLOOKUP(E244,COLCAP!B245:C4644,2,0) -> #N/A | K244: =VLOOKUP(F244,COLCAP!B245:C4644,2,0) -> 1618.39 | L244: =IFERROR(LN(H244/G244),IFERROR(LN(I244/G244),IFERROR(LN(J244/G244),IFERROR(LN(K244/G244),"")))) -> 0.006666753
A245: 44652 | B245: 44680 | C245: =IF(B245="","",B245+1) -> 44681 | D245: =IF(B245="","",B245+2) -> 44682 | E245: =IF(B245="","",B245+3) -> 44683 | F245: =IF(B245="","",B245+4) -> 44684 | G245: =VLOOKUP(B245,COLCAP!B246:C4645,2,0) -> 1562.46 | H245: =VLOOKUP(C245,COLCAP!B246:C4645,2,0) -> #N/A | I245: =VLOOKUP(D245,COLCAP!B246:C4645,2,0) -> #N/A | J245: =VLOOKUP(E245,COLCAP!B246:C4645,2,0) -> 1582.67 | K245: =VLOOKUP(F245,COLCAP!B246:C4645,2,0) -> 1593.36 | L245: =IFERROR(LN(H245/G245),IFERROR(LN(I245/G245),IFERROR(LN(J245/G245),IFERROR(LN(K245/G245),"")))) -> 0.012851792
A246: 44682 | C246: =IF(B246="","",B246+1) | D246: =IF(B246="","",B246+2) | E246: =IF(B246="","",B246+3) | F246: =IF(B246="","",B246+4) | G246: =VLOOKUP(B246,COLCAP!B247:C4646,2,0) -> #N/A | H246: =VLOOKUP(C246,COLCAP!B247:C4646,2,0) -> #N/A | I246: =VLOOKUP(D246,COLCAP!B247:C4646,2,0) -> #N/A | J246: =VLOOKUP(E246,COLCAP!B247:C4646,2,0) -> #N/A | K246: =VLOOKUP(F246,COLCAP!B247:C4646,2,0) -> #N/A | L246: =IFERROR(LN(H246/G246),IFERROR(LN(I246/G246),IFERROR(LN(J246/G246),IFERROR(LN(K246/G246),""))))
A247: 44713 | B247: 44742 | C247: =IF(B247="","",B247+1) -> 44743 | D247: =IF(B247="","",B247+2) -> 44744 | E247: =IF(B247="","",B247+3) -> 44745 | F247: =IF(B247="","",B247+4) -> 44746 | G247: =VLOOKUP(B247,COLCAP!B248:C4647,2,0) -> 1322.88 | H247: =VLOOKUP(C247,COLCAP!B248:C4647,2,0) -> 1357.98 | I247: =VLOOKUP(D247,COLCAP!B248:C4647,2,0) -> #N/A | J247: =VLOOKUP(E247,COLCAP!B248:C4647,2,0) -> #N/A | K247: =VLOOKUP(F247,COLCAP!B248:C4647,2,0) -> #N/A | L247: =IFERROR(LN(H247/G247),IFERROR(LN(I247/G247),IFERROR(LN(J247/G247),IFERROR(LN(K247/G247),"")))) -> 0.026187123
A248: 44743 | B248: 44771 | C248: =IF(B248="","",B248+1) -> 44772 | D248: =IF(B248="","",B248+2) -> 44773 | E248: =IF(B248="","",B248+3) -> 44774 | F248: =IF(B248="","",B248+4) -> 44775 | G248: =VLOOKUP(B248,COLCAP!B249:C4648,2,0) -> 1295.96 | H248: =VLOOKUP(C248,COLCAP!B249:C4648,2,0) -> #N/A | I248: =VLOOKUP(D248,COLCAP!B249:C4648,2,0) -> #N/A | J248: =VLOOKUP(E248,COLCAP!B249:C4648,2,0) -> 1272.1 | K248: =VLOOKUP(F248,COLCAP!B249:C4648,2,0) -> 1281.28 | L248: =IFERROR(LN(H248/G248),IFERROR(LN(I248/G248),IFERROR(LN(J248/G248),IFERROR(LN(K248/G248),"")))) -> -0.018582655
A249: 44774 | C249: =IF(B249="","",B249+1) | D249: =IF(B249="","",B249+2) | E249: =IF(B249="","",B249+3) | F249: =IF(B249="","",B249+4) | G249: =VLOOKUP(B249,COLCAP!B250:C4649,2,0) -> #N/A | H249: =VLOOKUP(C249,COLCAP!B250:C4649,2,0) -> #N/A | I249: =VLOOKUP(D249,COLCAP!B250:C4649,2,0) -> #N/A | J249: =VLOOKUP(E249,COLCAP!B250:C4649,2,0) -> #N/A | K249: =VLOOKUP(F249,COLCAP!B250:C4649,2,0) -> #N/A | L249: =IFERROR(LN(H249/G249),IFERROR(LN(I249/G249),IFERROR(LN(J249/G249),IFERROR(LN(K249/G249),""))))
A250: 44805 | B250: 44833 | C250: =IF(B250="","",B250+1) -> 44834 | D250: =IF(B250="","",B250+2) -> 44835 | E250: =IF(B250="","",B250+3) -> 44836 | F250: =IF(B250="","",B250+4) -> 44837 | G250: =VLOOKUP(B250,COLCAP!B251:C4650,2,0) -> 1135.78 | H250: =VLOOKUP(C250,COLCAP!B251:C4650,2,0) -> 1128.24 | I250: =VLOOKUP(D250,COLCAP!B251:C4650,2,0) -> #N/A | J250: =VLOOKUP(E250,COLCAP!B251:C4650,2,0) -> #N/A | K250: =VLOOKUP(F250,COLCAP!B251:C4650,2,0) -> 1145.38 | L250: =IFERROR(LN(H250/G250),IFERROR(LN(I250/G250),IFERROR(LN(J250/G250),IFERROR(LN(K250/G250),"")))) -> -0.0066607432
A251: 44835 | B251: 44862 | C251: =IF(B251="","",B251+1) -> 44863 | D251: =IF(B251="","",B251+2) -> 44864 | E251: =IF(B251="","",B251+3) -> 44865 | F251: =IF(B251="","",B251+4) -> 44866 | G251: =VLOOKUP(B251,COLCAP!B252:C4651,2,0) -> 1219.69 | H251: =VLOOKUP(C251,COLCAP!B252:C4651,2,0) -> #N/A | I251: =VLOOKUP(D251,COLCAP!B252:C4651,2,0) -> #N/A | J251: =VLOOKUP(E251,COLCAP!B252:C4651,2,0) -> 1231.52 | K251: =VLOOKUP(F251,COLCAP!B252:C4651,2,0) -> 1254.39 | L251: =IFERROR(LN(H251/G251),IFERROR(LN(I251/G251),IFERROR(LN(J251/G251),IFERROR(LN(K251/G251),"")))) -> 0.0096524507
A252: 44866 | C252: =IF(B252="","",B252+1) | D252: =IF(B252="","",B252+2) | E252: =IF(B252="","",B252+3) | F252: =IF(B252="","",B252+4) | G252: =VLOOKUP(B252,COLCAP!B253:C4652,2,0) -> #N/A | H252: =VLOOKUP(C252,COLCAP!B253:C4652,2,0) -> #N/A | I252: =VLOOKUP(D252,COLCAP!B253:C4652,2,0) -> #N/A | J252: =VLOOKUP(E252,COLCAP!B253:C4652,2,0) -> #N/A | K252: =VLOOKUP(F252,COLCAP!B253:C4652,2,0) -> #N/A | L252: =IFERROR(LN(H252/G252),IFERROR(LN(I252/G252),IFERROR(LN(J252/G252),IFERROR(LN(K252/G252),""))))
A253: 44896 | B253: 44911 | C253: =IF(B253="","",B253+1) -> 44912 | D253: =IF(B253="","",B253+2) -> 44913 | E253: =IF(B253="","",B253+3) -> 44914 | F253: =IF(B253="","",B253+4) -> 44915 | G253: =VLOOKUP(B253,COLCAP!B254:C4653,2,0) -> 1211.59 | H253: =VLOOKUP(C253,COLCAP!B254:C4653,2,0) -> #N/A | I253: =VLOOKUP(D253,COLCAP!B254:C4653,2,0) -> #N/A | J253: =VLOOKUP(E253,COLCAP!B254:C4653,2,0) -> 1215.44 | K253: =VLOOKUP(F253,COLCAP!B254:C4653,2,0) -> 1227.62 | L253: =IFERROR(LN(H253/G253),IFERROR(LN(I253/G253),IFERROR(LN(J253/G253),IFERROR(LN(K253/G253),"")))) -> 0.0031726046
...

Sheet Shocks BEI
A1: Fecha datos | B1: Fecha Junta Directiva | C1: Fecha un día después | D1: Fecha dos días después | E1: Fecha tres días después | F1: Fecha cuatro días después | G1: Stock Fecha Junta | H1: Stock un día después | I1: Stock dos días después | J1: Stock tres días despues | K1: Stock cuatro días despues | L1: SHOCK BEI
A2: 37257 | B2: 37274 | C2: =IF(B2="","",B2+1) -> 37275 | D2: =IF(B2="","",B2+2) -> 37276 | E2: =IF(B2="","",B2+3) -> 37277 | F2: =IF(B2="","",B2+4) -> 37278 | G2: =VLOOKUP(B2,BEI!B3:C5627,2,0) -> #N/A | H2: =VLOOKUP(C2,BEI!B3:C5627,2,0) -> #N/A | I2: =VLOOKUP(D2,BEI!B3:C5627,2,0) -> #N/A | J2: =VLOOKUP(E2,BEI!B3:C5627,2,0) -> #N/A | K2: =VLOOKUP(F2,BEI!B3:C5627,2,0) -> #N/A | L2: =IFERROR((H2-G2),IFERROR((I2-G2),IFERROR((J2-G2),IFERROR((K2-G2),""))))
A3: 37288 | B3: 37305 | C3: =IF(B3="","",B3+1) -> 37306 | D3: =IF(B3="","",B3+2) -> 37307 | E3: =IF(B3="","",B3+3) -> 37308 | F3: =IF(B3="","",B3+4) -> 37309 | G3: =VLOOKUP(B3,BEI!B4:C5628,2,0) -> #N/A | H3: =VLOOKUP(C3,BEI!B4:C5628,2,0) -> #N/A | I3: =VLOOKUP(D3,BEI!B4:C5628,2,0) -> #N/A | J3: =VLOOKUP(E3,BEI!B4:C5628,2,0) -> #N/A | K3: =VLOOKUP(F3,BEI!B4:C5628,2,0) -> #N/A | L3: =IFERROR((H3-G3),IFERROR((I3-G3),IFERROR((J3-G3),IFERROR((K3-G3),""))))
A4: 37316 | C4: =IF(B4="","",B4+1) | D4: =IF(B4="","",B4+2) | E4: =IF(B4="","",B4+3) | F4: =IF(B4="","",B4+4) | G4: =VLOOKUP(B4,BEI!B5:C5629,2,0) -> #N/A | H4: =VLOOKUP(C4,BEI!B5:C5629,2,0) -> #N/A | I4: =VLOOKUP(D4,BEI!B5:C5629,2,0) -> #N/A | J4: =VLOOKUP(E4,BEI!B5:C5629,2,0) -> #N/A | K4: =VLOOKUP(F4,BEI!B5:C5629,2,0) -> #N/A | L4: =IFERROR((H4-G4),IFERROR((I4-G4),IFERROR((J4-G4),IFERROR((K4-G4),""))))
A5: 37347 | B5: 37358 | C5: =IF(B5="","",B5+1) -> 37359 | D5: =IF(B5="","",B5+2) -> 37360 | E5: =IF(B5="","",B5+3) -> 37361 | F5: =IF(B5="","",B5+4) -> 37362 | G5: =VLOOKUP(B5,BEI!B6:C5630,2,0) -> #N/A | H5: =VLOOKUP(C5,BEI!B6:C5630,2,0) -> #N/A | I5: =VLOOKUP(D5,BEI!B6:C5630,2,0) -> #N/A | J5: =VLOOKUP(E5,BEI!B6:C5630,2,0) -> #N/A | K5: =VLOOKUP(F5,BEI!B6:C5630,2,0) -> #N/A | L5: =IFERROR((H5-G5),IFERROR((I5-G5),IFERROR((J5-G5),IFERROR((K5-G5),""))))
A6: 37377 | B6: 37393 | C6: =IF(B6="","",B6+1) -> 37394 | D6: =IF(B6="","",B6+2) -> 37395 | E6: =IF(B6="","",B6+3) -> 37396 | F6: =IF(B6="","",B6+4) -> 37397 | G6: =VLOOKUP(B6,BEI!B7:C5631,2,0) -> #N/A | H6: =VLOOKUP(C6,BEI!B7:C5631,2,0) -> #N/A | I6: =VLOOKUP(D6,BEI!B7:C5631,2,0) -> #N/A | J6: =VLOOKUP(E6,BEI!B7:C5631,2,0) -> #N/A | K6: =VLOOKUP(F6,BEI!B7:C5631,2,0) -> #N/A | L6: =IFERROR((H6-G6),IFERROR((I6-G6),IFERROR((J6-G6),IFERROR((K6-G6),""))))
A7: 37408 | C7: =IF(B7="","",B7+1) | D7: =IF(B7="","",B7+2) | E7: =IF(B7="","",B7+3) | F7: =IF(B7="","",B7+4) | G7: =VLOOKUP(B7,BEI!B8:C5632,2,0) -> #N/A | H7: =VLOOKUP(C7,BEI!B8:C5632,2,0) -> #N/A | I7: =VLOOKUP(D7,BEI!B8:C5632,2,0) -> #N/A | J7: =VLOOKUP(E7,BEI!B8:C5632,2,0) -> #N/A | K7: =VLOOKUP(F7,BEI!B8:C5632,2,0) -> #N/A | L7: =IFERROR((H7-G7),IFERROR((I7-G7),IFERROR((J7-G7),IFERROR((K7-G7),""))))
A8: 37438 | B8: 37456 | C8: =IF(B8="","",B8+1) -> 37457 | D8: =IF(B8="","",B8+2) -> 37458 | E8: =IF(B8="","",B8+3) -> 37459 | F8: =IF(B8="","",B8+4) -> 37460 | G8: =VLOOKUP(B8,BEI!B9:C5633,2,0) -> #N/A | H8: =VLOOKUP(C8,BEI!B9:C5633,2,0) -> #N/A | I8: =VLOOKUP(D8,BEI!B9:C5633,2,0) -> #N/A | J8: =VLOOKUP(E8,BEI!B9:C5633,2,0) -> #N/A | K8: =VLOOKUP(F8,BEI!B9:C5633,2,0) -> #N/A | L8: =IFERROR((H8-G8),IFERROR((I8-G8),IFERROR((J8-G8),IFERROR((K8-G8),""))))
A9: 37469 | B9: 37484 | C9: =IF(B9="","",B9+1) -> 37485 | D9: =IF(B9="","",B9+2) -> 37486 | E9: =IF(B9="","",B9+3) -> 37487 | F9: =IF(B9="","",B9+4) -> 37488 | G9: =VLOOKUP(B9,BEI!B10:C5634,2,0) -> #N/A | H9: =VLOOKUP(C9,BEI!B10:C5634,2,0) -> #N/A | I9: =VLOOKUP(D9,BEI!B10:C5634,2,0) -> #N/A | J9: =VLOOKUP(E9,BEI!B10:C5634,2,0) -> #N/A | K9: =VLOOKUP(F9,BEI!B10:C5634,2,0) -> #N/A | L9: =IFERROR((H9-G9),IFERROR((I9-G9),IFERROR((J9-G9),IFERROR((K9-G9),""))))
A10: 37500 | B10: 37512 | C10: =IF(B10="","",B10+1) -> 37513 | D10: =IF(B10="","",B10+2) -> 37514 | E10: =IF(B10="","",B10+3) -> 37515 | F10: =IF(B10="","",B10+4) -> 37516 | G10: =VLOOKUP(B10,BEI!B11:C5635,2,0) -> #N/A | H10: =VLOOKUP(C10,BEI!B11:C5635,2,0) -> #N/A | I10: =VLOOKUP(D10,BEI!B11:C5635,2,0) -> #N/A | J10: =VLOOKUP(E10,BEI!B11:C5635,2,0) -> #N/A | K10: =VLOOKUP(F10,BEI!B11:C5635,2,0) -> #N/A | L10: =IFERROR((H10-G10),IFERROR((I10-G10),IFERROR((J10-G10),IFERROR((K10-G10),""))))
A11: 37530 | B11: 37547 | C11: =IF(B11="","",B11+1) -> 37548 | D11: =IF(B11="","",B11+2) -> 37549 | E11: =IF(B11="","",B11+3) -> 37550 | F11: =IF(B11="","",B11+4) -> 37551 | G11: =VLOOKUP(B11,BEI!B12:C5636,2,0) -> #N/A | H11: =VLOOKUP(C11,BEI!B12:C5636,2,0) -> #N/A | I11: =VLOOKUP(D11,BEI!B12:C5636,2,0) -> #N/A | J11: =VLOOKUP(E11,BEI!B12:C5636,2,0) -> #N/A | K11: =VLOOKUP(F11,BEI!B12:C5636,2,0) -> #N/A | L11: =IFERROR((H11-G11),IFERROR((I11-G11),IFERROR((J11-G11),IFERROR((K11-G11),""))))
A12: 37561 | B12: 37581 | C12: =IF(B12="","",B12+1) -> 37582 | D12: =IF(B12="","",B12+2) -> 37583 | E12: =IF(B12="","",B12+3) -> 37584 | F12: =IF(B12="","",B12+4) -> 37585 | G12: =VLOOKUP(B12,BEI!B13:C5637,2,0) -> #N/A | H12: =VLOOKUP(C12,BEI!B13:C5637,2,0) -> #N/A | I12: =VLOOKUP(D12,BEI!B13:C5637,2,0) -> #N/A | J12: =VLOOKUP(E12,BEI!B13:C5637,2,0) -> #N/A | K12: =VLOOKUP(F12,BEI!B13:C5637,2,0) -> #N/A | L12: =IFERROR((H12-G12),IFERROR((I12-G12),IFERROR((J12-G12),IFERROR((K12-G12),""))))
A13: 37591 | B13: 37613 | C13: =IF(B13="","",B13+1) -> 37614 | D13: =IF(B13="","",B13+2) -> 37615 | E13: =IF(B13="","",B13+3) -> 37616 | F13: =IF(B13="","",B13+4) -> 37617 | G13: =VLOOKUP(B13,BEI!B14:C5638,2,0) -> #N/A | H13: =VLOOKUP(C13,BEI!B14:C5638,2,0) -> #N/A | I13: =VLOOKUP(D13,BEI!B14:C5638,2,0) -> #N/A | J13: =VLOOKUP(E13,BEI!B14:C5638,2,0) -> #N/A | K13: =VLOOKUP(F13,BEI!B14:C5638,2,0) -> #N/A | L13: =IFERROR((H13-G13),IFERROR((I13-G13),IFERROR((J13-G13),IFERROR((K13-G13),""))))
A14: 37622 | C14: =IF(B14="","",B14+1) | D14: =IF(B14="","",B14+2) | E14: =IF(B14="","",B14+3) | F14: =IF(B14="","",B14+4) | G14: =VLOOKUP(B14,BEI!B15:C5639,2,0) -> #N/A | H14: =VLOOKUP(C14,BEI!B15:C5639,2,0) -> #N/A | I14: =VLOOKUP(D14,BEI!B15:C5639,2,0) -> #N/A | J14: =VLOOKUP(E14,BEI!B15:C5639,2,0) -> #N/A | K14: =VLOOKUP(F14,BEI!B15:C5639,2,0) -> #N/A | L14: =IFERROR((H14-G14),IFERROR((I14-G14),IFERROR((J14-G14),IFERROR((K14-G14),""))))
A15: 37653 | B15: 37666 | C15: =IF(B15="","",B15+1) -> 37667 | D15: =IF(B15="","",B15+2) -> 37668 | E15: =IF(B15="","",B15+3) -> 37669 | F15: =IF(B15="","",B15+4) -> 37670 | G15: =VLOOKUP(B15,BEI!B16:C5640,2,0) -> 8.02 | H15: =VLOOKUP(C15,BEI!B16:C5640,2,0) -> #N/A | I15: =VLOOKUP(D15,BEI!B16:C5640,2,0) -> #N/A | J15: =VLOOKUP(E15,BEI!B16:C5640,2,0) -> 7.78 | K15: =VLOOKUP(F15,BEI!B16:C5640,2,0) -> 7.76 | L15: =IFERROR((H15-G15),IFERROR((I15-G15),IFERROR((J15-G15),IFERROR((K15-G15),"")))) -> -0.24
A16: 37681 | B16: 37694 | C16: =IF(B16="","",B16+1) -> 37695 | D16: =IF(B16="","",B16+2) -> 37696 | E16: =IF(B16="","",B16+3) -> 37697 | F16: =IF(B16="","",B16+4) -> 37698 | G16: =VLOOKUP(B16,BEI!B17:C5641,2,0) -> 7.75 | H16: =VLOOKUP(C16,BEI!B17:C5641,2,0) -> #N/A | I16: =VLOOKUP(D16,BEI!B17:C5641,2,0) -> #N/A | J16: =VLOOKUP(E16,BEI!B17:C5641,2,0) -> 7.2 | K16: =VLOOKUP(F16,BEI!B17:C5641,2,0) -> 7.13 | L16: =IFERROR((H16-G16),IFERROR((I16-G16),IFERROR((J16-G16),IFERROR((K16-G16),"")))) -> -0.55
A17: 37712 | B17: 37739 | C17: =IF(B17="","",B17+1) -> 37740 | D17: =IF(B17="","",B17+2) -> 37741 | E17: =IF(B17="","",B17+3) -> 37742 | F17: =IF(B17="","",B17+4) -> 37743 | G17: =VLOOKUP(B17,BEI!B18:C5642,2,0) -> 6.02 | H17: =VLOOKUP(C17,BEI!B18:C5642,2,0) -> 6.18 | I17: =VLOOKUP(D17,BEI!B18:C5642,2,0) -> 6.17 | J17: =VLOOKUP(E17,BEI!B18:C5642,2,0) -> #N/A | K17: =VLOOKUP(F17,BEI!B18:C5642,2,0) -> 6.21 | L17: =IFERROR((H17-G17),IFERROR((I17-G17),IFERROR((J17-G17),IFERROR((K17-G17),"")))) -> 0.16
A18: 37742 | B18: 37757 | C18: =IF(B18="","",B18+1) -> 37758 | D18: =IF(B18="","",B18+2) -> 37759 | E18: =IF(B18="","",B18+3) -> 37760 | F18: =IF(B18="","",B18+4) -> 37761 | G18: =VLOOKUP(B18,BEI!B19:C5643,2,0) -> 7.03 | H18: =VLOOKUP(C18,BEI!B19:C5643,2,0) -> #N/A | I18: =VLOOKUP(D18,BEI!B19:C5643,2,0) -> #N/A | J18: =VLOOKUP(E18,BEI!B19:C5643,2,0) -> 6 | K18: =VLOOKUP(F18,BEI!B19:C5643,2,0) -> 6.37 | L18: =IFERROR((H18-G18),IFERROR((I18-G18),IFERROR((J18-G18),IFERROR((K18-G18),"")))) -> -1.03
A19: 37773 | B19: 37792 | C19: =IF(B19="","",B19+1) -> 37793 | D19: =IF(B19="","",B19+2) -> 37794 | E19: =IF(B19="","",B19+3) -> 37795 | F19: =IF(B19="","",B19+4) -> 37796 | G19: =VLOOKUP(B19,BEI!B20:C5644,2,0) -> 5.35 | H19: =VLOOKUP(C19,BEI!B20:C5644,2,0) -> #N/A | I19: =VLOOKUP(D19,BEI!B20:C5644,2,0) -> #N/A | J19: =VLOOKUP(E19,BEI!B20:C5644,2,0) -> #N/A | K19: =VLOOKUP(F19,BEI!B20:C5644,2,0) -> 5.67 | L19: =IFERROR((H19-G19),IFERROR((I19-G19),IFERROR((J19-G19),IFERROR((K19-G19),"")))) -> 0.32
A20: 37803 | B20: 37827 | C20: =IF(B20="","",B20+1) -> 37828 | D20: =IF(B20="","",B20+2) -> 37829 | E20: =IF(B20="","",B20+3) -> 37830 | F20: =IF(B20="","",B20+4) -> 37831 | G20: =VLOOKUP(B20,BEI!B21:C5645,2,0) -> 5.15 | H20: =VLOOKUP(C20,BEI!B21:C5645,2,0) -> #N/A | I20: =VLOOKUP(D20,BEI!B21:C5645,2,0) -> #N/A | J20: =VLOOKUP(E20,BEI!B21:C5645,2,0) -> 5.34 | K20: =VLOOKUP(F20,BEI!B21:C5645,2,0) -> 5.44 | L20: =IFERROR((H20-G20),IFERROR((I20-G20),IFERROR((J20-G20),IFERROR((K20-G20),"")))) -> 0.19
A21: 37834 | B21: 37848 | C21: =IF(B21="","",B21+1) -> 37849 | D21: =IF(B21="","",B21+2) -> 37850 | E21: =IF(B21="","",B21+3) -> 37851 | F21: =IF(B21="","",B21+4) -> 37852 | G21: =VLOOKUP(B21,BEI!B22:C5646,2,0) -> 5.08 | H21: =VLOOKUP(C21,BEI!B22:C5646,2,0) -> #N/A | I21: =VLOOKUP(D21,BEI!B22:C5646,2,0) -> #N/A | J21: =VLOOKUP(E21,BEI!B22:C5646,2,0) -> #N/A | K21: =VLOOKUP(F21,BEI!B22:C5646,2,0) -> 5.05 | L21: =IFERROR((H21-G21),IFERROR((I21-G21),IFERROR((J21-G21),IFERROR((K21-G21),"")))) -> -0.03
A22: 37865 | B22: 37876 | C22: =IF(B22="","",B22+1) -> 37877 | D22: =IF(B22="","",B22+2) -> 37878 | E22: =IF(B22="","",B22+3) -> 37879 | F22: =IF(B22="","",B22+4) -> 37880 | G22: =VLOOKUP(B22,BEI!B23:C5647,2,0) -> 5.82 | H22: =VLOOKUP(C22,BEI!B23:C5647,2,0) -> #N/A | I22: =VLOOKUP(D22,BEI!B23:C5647,2,0) -> #N/A | J22: =VLOOKUP(E22,BEI!B23:C5647,2,0) -> 5.79 | K22: =VLOOKUP(F22,BEI!B23:C5647,2,0) -> 5.95 | L22: =IFERROR((H22-G22),IFERROR((I22-G22),IFERROR((J22-G22),IFERROR((K22-G22),"")))) -> -0.03
A23: 37895 | B23: 37918 | C23: =IF(B23="","",B23+1) -> 37919 | D23: =IF(B23="","",B23+2) -> 37920 | E23: =IF(B23="","",B23+3) -> 37921 | F23: =IF(B23="","",B23+4) -> 37922 | G23: =VLOOKUP(B23,BEI!B24:C5648,2,0) -> 6.44 | H23: =VLOOKUP(C23,BEI!B24:C5648,2,0) -> #N/A | I23: =VLOOKUP(D23,BEI!B24:C5648,2,0) -> #N/A | J23: =VLOOKUP(E23,BEI!B24:C5648,2,0) -> 6.3 | K23: =VLOOKUP(F23,BEI!B24:C5648,2,0) -> 6.89 | L23: =IFERROR((H23-G23),IFERROR((I23-G23),IFERROR((J23-G23),IFERROR((K23-G23),"")))) -> -0.14
A24: 37926 | B24: 37939 | C24: =IF(B24="","",B24+1) -> 37940 | D24: =IF(B24="","",B24+2) -> 37941 | E24: =IF(B24="","",B24+3) -> 37942 | F24: =IF(B24="","",B24+4) -> 37943 | G24: =VLOOKUP(B24,BEI!B25:C5649,2,0) -> 6.21 | H24: =VLOOKUP(C24,BEI!B25:C5649,2,0) -> #N/A | I24: =VLOOKUP(D24,BEI!B25:C5649,2,0) -> #N/A | J24: =VLOOKUP(E24,BEI!B25:C5649,2,0) -> #N/A | K24: =VLOOKUP(F24,BEI!B25:C5649,2,0) -> 6.7 | L24: =IFERROR((H24-G24),IFERROR((I24-G24),IFERROR((J24-G24),IFERROR((K24-G24),"")))) -> 0.49
A25: 37956 | B25: 37974 | C25: =IF(B25="","",B25+1) -> 37975 | D25: =IF(B25="","",B25+2) -> 37976 | E25: =IF(B25="","",B25+3) -> 37977 | F25: =IF(B25="","",B25+4) -> 37978 | G25: =VLOOKUP(B25,BEI!B26:C5650,2,0) -> 6.67 | H25: =VLOOKUP(C25,BEI!B26:C5650,2,0) -> #N/A | I25: =VLOOKUP(D25,BEI!B26:C5650,2,0) -> #N/A | J25: =VLOOKUP(E25,BEI!B26:C5650,2,0) -> 6.85 | K25: =VLOOKUP(F25,BEI!B26:C5650,2,0) -> 5.91 | L25: =IFERROR((H25-G25),IFERROR((I25-G25),IFERROR((J25-G25),IFERROR((K25-G25),"")))) -> 0.18
A26: 37987 | B26: 38009 | C26: =IF(B26="","",B26+1) -> 38010 | D26: =IF(B26="","",B26+2) -> 38011 | E26: =IF(B26="","",B26+3) -> 38012 | F26: =IF(B26="","",B26+4) -> 38013 | G26: =VLOOKUP(B26,BEI!B27:C5651,2,0) -> 7.6 | H26: =VLOOKUP(C26,BEI!B27:C5651,2,0) -> #N/A | I26: =VLOOKUP(D26,BEI!B27:C5651,2,0) -> #N/A | J26: =VLOOKUP(E26,BEI!B27:C5651,2,0) -> 7.51 | K26: =VLOOKUP(F26,BEI!B27:C5651,2,0) -> 7.48 | L26: =IFERROR((H26-G26),IFERROR((I26-G26),IFERROR((J26-G26),IFERROR((K26-G26),"")))) -> -0.09
... A143: 41548 | B143: 41572 | C143: =IF(B143="","",B143+1) -> 41573 | D143: =IF(B143="","",B143+2) -> 41574 | E143: =IF(B143="","",B143+3) -> 41575 | F143: =IF(B143="","",B143+4) -> 41576 | G143: =VLOOKUP(B143,BEI!B144:C5768,2,0) -> 2.51 | H143: =VLOOKUP(C143,BEI!B144:C5768,2,0) -> #N/A | I143: =VLOOKUP(D143,BEI!B144:C5768,2,0) -> #N/A | J143: =VLOOKUP(E143,BEI!B144:C5768,2,0) -> 2.54 | K143: =VLOOKUP(F143,BEI!B144:C5768,2,0) -> 2.51 | L143: =IFERROR((H143-G143),IFERROR((I143-G143),IFERROR((J143-G143),IFERROR((K143-G143),"")))) -> 0.03
A144: 41579 | C144: =IF(B144="","",B144+1) | D144: =IF(B144="","",B144+2) | E144: =IF(B144="","",B144+3) | F144: =IF(B144="","",B144+4) | G144: =VLOOKUP(B144,BEI!B145:C5769,2,0) -> #N/A | H144: =VLOOKUP(C144,BEI!B145:C5769,2,0) -> #N/A | I144: =VLOOKUP(D144,BEI!B145:C5769,2,0) -> #N/A | J144: =VLOOKUP(E144,BEI!B145:C5769,2,0) -> #N/A | K144: =VLOOKUP(F144,BEI!B145:C5769,2,0) -> #N/A | L144: =IFERROR((H144-G144),IFERROR((I144-G144),IFERROR((J144-G144),IFERROR((K144-G144),""))))
A145: 41609 | B145: 41628 | C145: =IF(B145="","",B145+1) -> 41629 | D145: =IF(B145="","",B145+2) -> 41630 | E145: =IF(B145="","",B145+3) -> 41631 | F145: =IF(B145="","",B145+4) -> 41632 | G145: =VLOOKUP(B145,BEI!B146:C5770,2,0) -> 2.58 | H145: =VLOOKUP(C145,BEI!B146:C5770,2,0) -> #N/A | I145: =VLOOKUP(D145,BEI!B146:C5770,2,0) -> #N/A | J145: =VLOOKUP(E145,BEI!B146:C5770,2,0) -> 2.62 | K145: =VLOOKUP(F145,BEI!B146:C5770,2,0) -> 2.33 | L145: =IFERROR((H145-G145),IFERROR((I145-G145),IFERROR((J145-G145),IFERROR((K145-G145),"")))) -> 0.04
A146: 41640 | B146: 41670 | C146: =IF(B146="","",B146+1) -> 41671 | D146: =IF(B146="","",B146+2) -> 41672 | E146: =IF(B146="","",B146+3) -> 41673 | F146: =IF(B146="","",B146+4) -> 41674 | G146: =VLOOKUP(B146,BEI!B147:C5771,2,0) -> 2.8 | H146: =VLOOKUP(C146,BEI!B147:C5771,2,0) -> #N/A | I146: =VLOOKUP(D146,BEI!B147:C5771,2,0) -> #N/A | J146: =VLOOKUP(E146,BEI!B147:C5771,2,0) -> 2.87 | K146: =VLOOKUP(F146,BEI!B147:C5771,2,0) -> 2.77 | L146: =IFERROR((H146-G146),IFERROR((I146-G146),IFERROR((J146-G146),IFERROR((K146-G146),"")))) -> 0.07
A147: 41671 | B147: 41698 | C147: =IF(B147="","",B147+1) -> 41699 | D147: =IF(B147="","",B147+2) -> 41700 | E147: =IF(B147="","",B147+3) -> 41701 | F147: =IF(B147="","",B147+4) -> 41702 | G147: =VLOOKUP(B147,BEI!B148:C5772,2,0) -> 2.96 | H147: =VLOOKUP(C147,BEI!B148:C5772,2,0) -> #N/A | I147: =VLOOKUP(D147,BEI!B148:C5772,2,0) -> #N/A | J147: =VLOOKUP(E147,BEI!B148:C5772,2,0) -> 2.94 | K147: =VLOOKUP(F147,BEI!B148:C5772,2,0) -> 2.92 | L147: =IFERROR((H147-G147),IFERROR((I147-G147),IFERROR((J147-G147),IFERROR((K147-G147),"")))) -> -0.02
A148: 41699 | B148: 41719 | C148: =IF(B148="","",B148+1) -> 41720 | D148: =IF(B148="","",B148+2) -> 41721 | E148: =IF(B148="","",B148+3) -> 41722 | F148: =IF(B148="","",B148+4) -> 41723 | G148: =VLOOKUP(B148,BEI!B149:C5773,2,0) -> 2.57 | H148: =VLOOKUP(C148,BEI!B149:C5773,2,0) -> #N/A | I148: =VLOOKUP(D148,BEI!B149:C5773,2,0) -> #N/A | J148: =VLOOKUP(E148,BEI!B149:C5773,2,0) -> #N/A | K148: =VLOOKUP(F148,BEI!B149:C5773,2,0) -> 2.57 | L148: =IFERROR((H148-G148),IFERROR((I148-G148),IFERROR((J148-G148),IFERROR((K148-G148),"")))) -> 4.4408921e-16
A149: 41730 | B149: 41754 | C149: =IF(B149="","",B149+1) -> 41755 | D149: =IF(B149="","",B149+2) -> 41756 | E149: =IF(B149="","",B149+3) -> 41757 | F149: =IF(B149="","",B149+4) -> 41758 | G149: =VLOOKUP(B149,BEI!B150:C5774,2,0) -> 2.62 | H149: =VLOOKUP(C149,BEI!B150:C5774,2,0) -> #N/A | I149: =VLOOKUP(D149,BEI!B150:C5774,2,0) -> #N/A | J149: =VLOOKUP(E149,BEI!B150:C5774,2,0) -> 2.57 | K149: =VLOOKUP(F149,BEI!B150:C5774,2,0) -> 2.48 | L149: =IFERROR((H149-G149),IFERROR((I149-G149),IFERROR((J149-G149),IFERROR((K149-G149),"")))) -> -0.05
A150: 41760 | B150: 41789 | C150: =IF(B150="","",B150+1) -> 41790 | D150: =IF(B150="","",B150+2) -> 41791 | E150: =IF(B150="","",B150+3) -> 41792 | F150: =IF(B150="","",B150+4) -> 41793 | G150: =VLOOKUP(B150,BEI!B151:C5775,2,0) -> 2.5 | H150: =VLOOKUP(C150,BEI!B151:C5775,2,0) -> #N/A | I150: =VLOOKUP(D150,BEI!B151:C5775,2,0) -> #N/A | J150: =VLOOKUP(E150,BEI!B151:C5775,2,0) -> #N/A | K150: =VLOOKUP(F150,BEI!B151:C5775,2,0) -> 2.68 | L150: =IFERROR((H150-G150),IFERROR((I150-G150),IFERROR((J150-G150),IFERROR((K150-G150),"")))) -> 0.18
A151: 41791 | B151: 41810 | C151: =IF(B151="","",B151+1) -> 41811 | D151: =IF(B151="","",B151+2) -> 41812 | E151: =IF(B151="","",B151+3) -> 41813 | F151: =IF(B151="","",B151+4) -> 41814 | G151: =VLOOKUP(B151,BEI!B152:C5776,2,0) -> 2.92 | H151: =VLOOKUP(C151,BEI!B152:C5776,2,0) -> #N/A | I151: =VLOOKUP(D151,BEI!B152:C5776,2,0) -> #N/A | J151: =VLOOKUP(E151,BEI!B152:C5776,2,0) -> #N/A | K151: =VLOOKUP(F151,BEI!B152:C5776,2,0) -> 2.84 | L151: =IFERROR((H151-G151),IFERROR((I151-G151),IFERROR((J151-G151),IFERROR((K151-G151),"")))) -> -0.08
A152: 41821 | B152: 41851 | C152: =IF(B152="","",B152+1) -> 41852 | D152: =IF(B152="","",B152+2) -> 41853 | E152: =IF(B152="","",B152+3) -> 41854 | F152: =IF(B152="","",B152+4) -> 41855 | G152: =VLOOKUP(B152,BEI!B153:C5777,2,0) -> 3.51 | H152: =VLOOKUP(C152,BEI!B153:C5777,2,0) -> 3.68 | I152: =VLOOKUP(D152,BEI!B153:C5777,2,0) -> #N/A | J152: =VLOOKUP(E152,BEI!B153:C5777,2,0) -> #N/A | K152: =VLOOKUP(F152,BEI!B153:C5777,2,0) -> 2.89 | L152: =IFERROR((H152-G152),IFERROR((I152-G152),IFERROR((J152-G152),IFERROR((K152-G152),"")))) -> 0.17
A153: 41852 | B153: 41880 | C153: =IF(B153="","",B153+1) -> 41881 | D153: =IF(B153="","",B153+2) -> 41882 | E153: =IF(B153="","",B153+3) -> 41883 | F153: =IF(B153="","",B153+4) -> 41884 | G153: =VLOOKUP(B153,BEI!B154:C5778,2,0) -> 2.73 | H153: =VLOOKUP(C153,BEI!B154:C5778,2,0) -> #N/A | I153: =VLOOKUP(D153,BEI!B154:C5778,2,0) -> #N/A | J153: =VLOOKUP(E153,BEI!B154:C5778,2,0) -> 2.68 | K153: =VLOOKUP(F153,BEI!B154:C5778,2,0) -> 2.64 | L153: =IFERROR((H153-G153),IFERROR((I153-G153),IFERROR((J153-G153),IFERROR((K153-G153),"")))) -> -0.05
A154: 41883 | B154: 41908 | C154: =IF(B154="","",B154+1) -> 41909 | D154: =IF(B154="","",B154+2) -> 41910 | E154: =IF(B154="","",B154+3) -> 41911 | F154: =IF(B154="","",B154+4) -> 41912 | G154: =VLOOKUP(B154,BEI!B155:C5779,2,0) -> 2.71 | H154: =VLOOKUP(C154,BEI!B155:C5779,2,0) -> #N/A | I154: =VLOOKUP(D154,BEI!B155:C5779,2,0) -> #N/A | J154: =VLOOKUP(E154,BEI!B155:C5779,2,0) -> 2.8 | K154: =VLOOKUP(F154,BEI!B155:C5779,2,0) -> 2.73 | L154: =IFERROR((H154-G154),IFERROR((I154-G154),IFERROR((J154-G154),IFERROR((K154-G154),"")))) -> 0.09
A155: 41913 | B155: 41942 | C155: =IF(B155="","",B155+1) -> 41943 | D155: =IF(B155="","",B155+2) -> 41944 | E155: =IF(B155="","",B155+3) -> 41945 | F155: =IF(B155="","",B155+4) -> 41946 | G155: =VLOOKUP(B155,BEI!B156:C5780,2,0) -> 3.01 | H155: =VLOOKUP(C155,BEI!B156:C5780,2,0) -> 2.68 | I155: =VLOOKUP(D155,BEI!B156:C5780,2,0) -> #N/A | J155: =VLOOKUP(E155,BEI!B156:C5780,2,0) -> #N/A | K155: =VLOOKUP(F155,BEI!B156:C5780,2,0) -> #N/A | L155: =IFERROR((H155-G155),IFERROR((I155-G155),IFERROR((J155-G155),IFERROR((K155-G155),"")))) -> -0.33
A156: 41944 | B156: 41971 | C156: =IF(B156="","",B156+1) -> 41972 | D156: =IF(B156="","",B156+2) -> 41973 | E156: =IF(B156="","",B156+3) -> 41974 | F156: =IF(B156="","",B156+4) -> 41975 | G156: =VLOOKUP(B156,BEI!B157:C5781,2,0) -> 3.64 | H156: =VLOOKUP(C156,BEI!B157:C5781,2,0) -> #N/A | I156: =VLOOKUP(D156,BEI!B157:C5781,2,0) -> #N/A | J156: =VLOOKUP(E156,BEI!B157:C5781,2,0) -> 3.62 | K156: =VLOOKUP(F156,BEI!B157:C5781,2,0) -> 3.76 | L156: =IFERROR((H156-G156),IFERROR((I156-G156),IFERROR((J156-G156),IFERROR((K156-G156),"")))) -> -0.02
... A194: 43101 | B194: 43129 | C194: =IF(B194="","",B194+1) -> 43130 | D194: =IF(B194="","",B194+2) -> 43131 | E194: =IF(B194="","",B194+3) -> 43132 | F194: =IF(B194="","",B194+4) -> 43133 | G194: =VLOOKUP(B194,BEI!B195:C5819,2,0) -> 3.5 | H194: =VLOOKUP(C194,BEI!B195:C5819,2,0) -> 3.55 | I194: =VLOOKUP(D194,BEI!B195:C5819,2,0) -> 3.46 | J194: =VLOOKUP(E194,BEI!B195:C5819,2,0) -> 3.42 | K194: =VLOOKUP(F194,BEI!B195:C5819,2,0) -> 3.4 | L194: =IFERROR((H194-G194),IFERROR((I194-G194),IFERROR((J194-G194),IFERROR((K194-G194),"")))) -> 0.05
A195: 43132 | C195: =IF(B195="","",B195+1) | D195: =IF(B195="","",B195+2) | E195: =IF(B195="","",B195+3) | F195: =IF(B195="","",B195+4) | G195: =VLOOKUP(B195,BEI!B196:C5820,2,0) -> #N/A | H195: =VLOOKUP(C195,BEI!B196:C5820,2,0) -> #N/A | I195: =VLOOKUP(D195,BEI!B196:C5820,2,0) -> #N/A | J195: =VLOOKUP(E195,BEI!B196:C5820,2,0) -> #N/A | K195: =VLOOKUP(F195,BEI!B196:C5820,2,0) -> #N/A | L195: =IFERROR((H195-G195),IFERROR((I195-G195),IFERROR((J195-G195),IFERROR((K195-G195),""))))
A196: 43160 | B196: 43179 | C196: =IF(B196="","",B196+1) -> 43180 | D196: =IF(B196="","",B196+2) -> 43181 | E196: =IF(B196="","",B196+3) -> 43182 | F196: =IF(B196="","",B196+4) -> 43183 | G196: =VLOOKUP(B196,BEI!B197:C5821,2,0) -> 3.36 | H196: =VLOOKUP(C196,BEI!B197:C5821,2,0) -> 3.34 | I196: =VLOOKUP(D196,BEI!B197:C5821,2,0) -> 3.3 | J196: =VLOOKUP(E196,BEI!B197:C5821,2,0) -> 3.31 | K196: =VLOOKUP(F196,BEI!B197:C5821,2,0) -> #N/A | L196: =IFERROR((H196-G196),IFERROR((I196-G196),IFERROR((J196-G196),IFERROR((K196-G196),"")))) -> -0.02
A197: 43191 | B197: 43217 | C197: =IF(B197="","",B197+1) -> 43218 | D197: =IF(B197="","",B197+2) -> 43219 | E197: =IF(B197="","",B197+3) -> 43220 | F197: =IF(B197="","",B197+4) -> 43221 | G197: =VLOOKUP(B197,BEI!B198:C5822,2,0) -> 2.7 | H197: =VLOOKUP(C197,BEI!B198:C5822,2,0) -> #N/A | I197: =VLOOKUP(D197,BEI!B198:C5822,2,0) -> #N/A | J197: =VLOOKUP(E197,BEI!B198:C5822,2,0) -> 2.76 | K197: =VLOOKUP(F197,BEI!B198:C5822,2,0) -> #N/A | L197: =IFERROR((H197-G197),IFERROR((I197-G197),IFERROR((J197-G197),IFERROR((K197-G197),"")))) -> 0.06
A198: 43221 | C198: =IF(B198="","",B198+1) | D198: =IF(B198="","",B198+2) | E198: =IF(B198="","",B198+3) | F198: =IF(B198="","",B198+4) | G198: =VLOOKUP(B198,BEI!B199:C5823,2,0) -> #N/A | H198: =VLOOKUP(C198,BEI!B199:C5823,2,0) -> #N/A | I198: =VLOOKUP(D198,BEI!B199:C5823,2,0) -> #N/A | J198: =VLOOKUP(E198,BEI!B199:C5823,2,0) -> #N/A | K198: =VLOOKUP(F198,BEI!B199:C5823,2,0) -> #N/A | L198: =IFERROR((H198-G198),IFERROR((I198-G198),IFERROR((J198-G198),IFERROR((K198-G198),""))))
A199: 43252 | B199: 43280 | C199: =IF(B199="","",B199+1) -> 43281 | D199: =IF(B199="","",B199+2) -> 43282 | E199: =IF(B199="","",B199+3) -> 43283 | F199: =IF(B199="","",B199+4) -> 43284 | G199: =VLOOKUP(B199,BEI!B200:C5824,2,0) -> 2.95 | H199: =VLOOKUP(C199,BEI!B200:C5824,2,0) -> #N/A | I199: =VLOOKUP(D199,BEI!B200:C5824,2,0) -> #N/A | J199: =VLOOKUP(E199,BEI!B200:C5824,2,0) -> #N/A | K199: =VLOOKUP(F199,BEI!B200:C5824,2,0) -> 2.74 | L199: =IFERROR((H199-G199),IFERROR((I199-G199),IFERROR((J199-G199),IFERROR((K199-G199),"")))) -> -0.21
A200: 43282 | B200: 43308 | C200: =IF(B200="","",B200+1) -> 43309 | D200: =IF(B200="","",B200+2) -> 43310 | E200: =IF(B200="","",B200+3) -> 43311 | F200: =IF(B200="","",B200+4) -> 43312 | G200: =VLOOKUP(B200,BEI!B201:C5825,2,0) -> 2.52 | H200: =VLOOKUP(C200,BEI!B201:C5825,2,0) -> #N/A | I200: =VLOOKUP(D200,BEI!B201:C5825,2,0) -> #N/A | J200: =VLOOKUP(E200,BEI!B201:C5825,2,0) -> 2.23 | K200: =VLOOKUP(F200,BEI!B201:C5825,2,0) -> 2.95 | L200: =IFERROR((H200-G200),IFERROR((I200-G200),IFERROR((J200-G200),IFERROR((K200-G200),"")))) -> -0.29
A201: 43313 | C201: =IF(B201="","",B201+1) | D201: =IF(B201="","",B201+2) | E201: =IF(B201="","",B201+3) | F201: =IF(B201="","",B201+4) | G201: =VLOOKUP(B201,BEI!B202:C5826,2,0) -> #N/A | H201: =VLOOKUP(C201,BEI!B202:C5826,2,0) -> #N/A | I201: =VLOOKUP(D201,BEI!B202:C5826,2,0) -> #N/A | J201: =VLOOKUP(E201,BEI!B202:C5826,2,0) -> #N/A | K201: =VLOOKUP(F201,BEI!B202:C5826,2,0) -> #N/A | L201: =IFERROR((H201-G201),IFERROR((I201-G201),IFERROR((J201-G201),IFERROR((K201-G201),""))))
A202: 43344 | B202: 43371 | C202: =IF(B202="","",B202+1) -> 43372 | D202: =IF(B202="","",B202+2) -> 43373 | E202: =IF(B202="","",B202+3) -> 43374 | F202: =IF(B202="","",B202+4) -> 43375 | G202: =VLOOKUP(B202,BEI!B203:C5827,2,0) -> 3.64 | H202: =VLOOKUP(C202,BEI!B203:C5827,2,0) -> #N/A | I202: =VLOOKUP(D202,BEI!B203:C5827,2,0) -> #N/A | J202: =VLOOKUP(E202,BEI!B203:C5827,2,0) -> 3.64 | K202: =VLOOKUP(F202,BEI!B203:C5827,2,0) -> 3.68 | L202: =IFERROR((H202-G202),IFERROR((I202-G202),IFERROR((J202-G202),IFERROR((K202-G202),"")))) -> 8.8817842e-16
A203: 43374 | B203: 43399 | C203: =IF(B203="","",B203+1) -> 43400 | D203: =IF(B203="","",B203+2) -> 43401 | E203: =IF(B203="","",B203+3) -> 43402 | F203: =IF(B203="","",B203+4) -> 43403 | G203: =VLOOKUP(B203,BEI!B204:C5828,2,0) -> 3.82 | H203: =VLOOKUP(C203,BEI!B204:C5828,2,0) -> #N/A | I203: =VLOOKUP(D203,BEI!B204:C5828,2,0) -> #N/A | J203: =VLOOKUP(E203,BEI!B204:C5828,2,0) -> 3.82 | K203: =VLOOKUP(F203,BEI!B204:C5828,2,0) -> 3.87 | L203: =IFERROR((H203-G203),IFERROR((I203-G203),IFERROR((J203-G203),IFERROR((K203-G203),"")))) -> -8.8817842e-16
A204: 43405 | C204: =IF(B204="","",B204+1) | D204: =IF(B204="","",B204+2) | E204: =IF(B204="","",B204+3) | F204: =IF(B204="","",B204+4) | G204: =VLOOKUP(B204,BEI!B205:C5829,2,0) -> #N/A | H204: =VLOOKUP(C204,BEI!B205:C5829,2,0) -> #N/A | I204: =VLOOKUP(D204,BEI!B205:C5829,2,0) -> #N/A | J204: =VLOOKUP(E204,BEI!B205:C5829,2,0) -> #N/A | K204: =VLOOKUP(F204,BEI!B205:C5829,2,0) -> #N/A | L204: =IFERROR((H204-G204),IFERROR((I204-G204),IFERROR((J204-G204),IFERROR((K204-G204),""))))
A205: 43435 | B205: 43455 | C205: =IF(B205="","",B205+1) -> 43456 | D205: =IF(B205="","",B205+2) -> 43457 | E205: =IF(B205="","",B205+3) -> 43458 | F205: =IF(B205="","",B205+4) -> 43459 | G205: =VLOOKUP(B205,BEI!B206:C5830,2,0) -> 4.04 | H205: =VLOOKUP(C205,BEI!B206:C5830,2,0) -> #N/A | I205: =VLOOKUP(D205,BEI!B206:C5830,2,0) -> #N/A | J205: =VLOOKUP(E205,BEI!B206:C5830,2,0) -> 4.84 | K205: =VLOOKUP(F205,BEI!B206:C5830,2,0) -> #N/A | L205: =IFERROR((H205-G205),IFERROR((I205-G205),IFERROR((J205-G205),IFERROR((K205-G205),"")))) -> 0.8
A206: 43466 | B206: 43496 | C206: =IF(B206="","",B206+1) -> 43497 | D206: =IF(B206="","",B206+2) -> 43498 | E206: =IF(B206="","",B206+3) -> 43499 | F206: =IF(B206="","",B206+4) -> 43500 | G206: =VLOOKUP(B206,BEI!B207:C5831,2,0) -> 3.38 | H206: =VLOOKUP(C206,BEI!B207:C5831,2,0) -> 3.52 | I206: =VLOOKUP(D206,BEI!B207:C5831,2,0) -> #N/A | J206: =VLOOKUP(E206,BEI!B207:C5831,2,0) -> #N/A | K206: =VLOOKUP(F206,BEI!B207:C5831,2,0) -> 3.65 | L206: =IFERROR((H206-G206),IFERROR((I206-G206),IFERROR((J206-G206),IFERROR((K206-G206),"")))) -> 0.14
A207: 43497 | C207: =IF(B207="","",B207+1) | D207: =IF(B207="","",B207+2) | E207: =IF(B207="","",B207+3) | F207: =IF(B207="","",B207+4) | G207: =VLOOKUP(B207,BEI!B208:C5832,2,0) -> #N/A | H207: =VLOOKUP(C207,BEI!B208:C5832,2,0) -> #N/A | I207: =VLOOKUP(D207,BEI!B208:C5832,2,0) -> #N/A | J207: =VLOOKUP(E207,BEI!B208:C5832,2,0) -> #N/A | K207: =VLOOKUP(F207,BEI!B208:C5832,2,0) -> #N/A | L207: =IFERROR((H207-G207),IFERROR((I207-G207),IFERROR((J207-G207),IFERROR((K207-G207),""))))
A208: 43525 | B208: 43546 | C208: =IF(B208="","",B208+1) -> 43547 | D208: =IF(B208="","",B208+2) -> 43548 | E208: =IF(B208="","",B208+3) -> 43549 | F208: =IF(B208="","",B208+4) -> 43550 | G208: =VLOOKUP(B208,BEI!B209:C5833,2,0) -> 2.9 | H208: =VLOOKUP(C208,BEI!B209:C5833,2,0) -> #N/A | I208: =VLOOKUP(D208,BEI!B209:C5833,2,0) -> #N/A | J208: =VLOOKUP(E208,BEI!B209:C5833,2,0) -> #N/A | K208: =VLOOKUP(F208,BEI!B209:C5833,2,0) -> 2.81 | L208: =IFERROR((H208-G208),IFERROR((I208-G208),IFERROR((J208-G208),IFERROR((K208-G208),"")))) -> -0.09
A209: 43556 | B209: 43581 | C209: =IF(B209="","",B209+1) -> 43582 | D209: =IF(B209="","",B209+2) -> 43583 | E209: =IF(B209="","",B209+3) -> 43584 | F209: =IF(B209="","",B209+4) -> 43585 | G209: =VLOOKUP(B209,BEI!B210:C5834,2,0) -> 2.8 | H209: =VLOOKUP(C209,BEI!B210:C5834,2,0) -> #N/A | I209: =VLOOKUP(D209,BEI!B210:C5834,2,0) -> #N/A | J209: =VLOOKUP(E209,BEI!B210:C5834,2,0) -> 2.93 | K209: =VLOOKUP(F209,BEI!B210:C5834,2,0) -> 2.84 | L209: =IFERROR((H209-G209),IFERROR((I209-G209),IFERROR((J209-G209),IFERROR((K209-G209),"")))) -> 0.13
A210: 43586 | C210: =IF(B210="","",B210+1) | D210: =IF(B210="","",B210+2) | E210: =IF(B210="","",B210+3) | F210: =IF(B210="","",B210+4) | G210: =VLOOKUP(B210,BEI!B211:C5835,2,0) -> #N/A | H210: =VLOOKUP(C210,BEI!B211:C5835,2,0) -> #N/A | I210: =VLOOKUP(D210,BEI!B211:C5835,2,0) -> #N/A | J210: =VLOOKUP(E210,BEI!B211:C5835,2,0) -> #N/A | K210: =VLOOKUP(F210,BEI!B211:C5835,2,0) -> #N/A | L210: =IFERROR((H210-G210),IFERROR((I210-G210),IFERROR((J210-G210),IFERROR((K210-G210),""))))
A211: 43617 | B211: 43637 | C211: =IF(B211="","",B211+1) -> 43638 | D211: =IF(B211="","",B211+2) -> 43639 | E211: =IF(B211="","",B211+3) -> 43640 | F211: =IF(B211="","",B211+4) -> 43641 | G211: =VLOOKUP(B211,BEI!B212:C5836,2,0) -> 2.67 | H211: =VLOOKUP(C211,BEI!B212:C5836,2,0) -> #N/A | I211: =VLOOKUP(D211,BEI!B212:C5836,2,0) -> #N/A | J211: =VLOOKUP(E211,BEI!B212:C5836,2,0) -> #N/A | K211: =VLOOKUP(F211,BEI!B212:C5836,2,0) -> 2.76 | L211: =IFERROR((H211-G211),IFERROR((I211-G211),IFERROR((J211-G211),IFERROR((K211-G211),"")))) -> 0.09
A212: 43647 | B212: 43673 | C212: =IF(B212="","",B212+1) -> 43674 | D212: =IF(B212="","",B212+2) -> 43675 | E212: =IF(B212="","",B212+3) -> 43676 | F212: =IF(B212="","",B212+4) -> 43677 | G212: =VLOOKUP(B212,BEI!B213:C5837,2,0) -> #N/A | H212: =VLOOKUP(C212,BEI!B213:C5837,2,0) -> #N/A | I212: =VLOOKUP(D212,BEI!B213:C5837,2,0) -> 3.01 | J212: =VLOOKUP(E212,BEI!B213:C5837,2,0) -> 2.95 | K212: =VLOOKUP(F212,BEI!B213:C5837,2,0) -> 2.9 | L212: =IFERROR((H212-G212),IFERROR((I212-G212),IFERROR((J212-G212),IFERROR((K212-G212),""))))
A213: 43678 | C213: =IF(B213="","",B213+1) | D213: =IF(B213="","",B213+2) | E213: =IF(B213="","",B213+3) | F213: =IF(B213="","",B213+4) | G213: =VLOOKUP(B213,BEI!B214:C5838,2,0) -> #N/A | H213: =VLOOKUP(C213,BEI!B214:C5838,2,0) -> #N/A | I213: =VLOOKUP(D213,BEI!B214:C5838,2,0) -> #N/A | J213: =VLOOKUP(E213,BEI!B214:C5838,2,0) -> #N/A | K213: =VLOOKUP(F213,BEI!B214:C5838,2,0) -> #N/A | L213: =IFERROR((H213-G213),IFERROR((I213-G213),IFERROR((J213-G213),IFERROR((K213-G213),""))))
A214: 43709 | B214: 43731 | C214: =IF(B214="","",B214+1) -> 43732 | D214: =IF(B214="","",B214+2) -> 43733 | E214: =IF(B214="","",B214+3) -> 43734 | F214: =IF(B214="","",B214+4) -> 43735 | G214: =VLOOKUP(B214,BEI!B215:C5839,2,0) -> 3.12 | H214: =VLOOKUP(C214,BEI!B215:C5839,2,0) -> 3.13 | I214: =VLOOKUP(D214,BEI!B215:C5839,2,0) -> 3.17 | J214: =VLOOKUP(E214,BEI!B215:C5839,2,0) -> 3.17 | K214: =VLOOKUP(F214,BEI!B215:C5839,2,0) -> 3.15 | L214: =IFERROR((H214-G214),IFERROR((I214-G214),IFERROR((J214-G214),IFERROR((K214-G214),"")))) -> 0.01
A215: 43739 | B215: 43769 | C215: =IF(B215="","",B215+1) -> 43770 | D215: =IF(B215="","",B215+2) -> 43771 | E215: =IF(B215="","",B215+3) -> 43772 | F215: =IF(B215="","",B215+4) -> 43773 | G215: =VLOOKUP(B215,BEI!B216:C5840,2,0) -> 3.23 | H215: =VLOOKUP(C215,BEI!B216:C5840,2,0) -> 4.5 | I215: =VLOOKUP(D215,BEI!B216:C5840,2,0) -> #N/A | J215: =VLOOKUP(E215,BEI!B216:C5840,2,0) -> #N/A | K215: =VLOOKUP(F215,BEI!B216:C5840,2,0) -> #N/A | L215: =IFERROR((H215-G215),IFERROR((I215-G215),IFERROR((J215-G215),IFERROR((K215-G215),"")))) -> 1.27
A216: 43770 | C216: =IF(B216="","",B216+1) | D216: =IF(B216="","",B216+2) | E216: =IF(B216="","",B216+3) | F216: =IF(B216="","",B216+4) | G216: =VLOOKUP(B216,BEI!B217:C5841,2,0) -> #N/A | H216: =VLOOKUP(C216,BEI!B217:C5841,2,0) -> #N/A | I216: =VLOOKUP(D216,BEI!B217:C5841,2,0) -> #N/A | J216: =VLOOKUP(E216,BEI!B217:C5841,2,0) -> #N/A | K216: =VLOOKUP(F216,BEI!B217:C5841,2,0) -> #N/A | L216: =IFERROR((H216-G216),IFERROR((I216-G216),IFERROR((J216-G216),IFERROR((K216-G216),""))))
A217: 43800 | B217: 43819 | C217: =IF(B217="","",B217+1) -> 43820 | D217: =IF(B217="","",B217+2) -> 43821 | E217: =IF(B217="","",B217+3) -> 43822 | F217: =IF(B217="","",B217+4) -> 43823 | G217: =VLOOKUP(B217,BEI!B218:C5842,2,0) -> 3.49 | H217: =VLOOKUP(C217,BEI!B218:C5842,2,0) -> #N/A | I217: =VLOOKUP(D217,BEI!B218:C5842,2,0) -> #N/A | J217: =VLOOKUP(E217,BEI!B218:C5842,2,0) -> 4.52 | K217: =VLOOKUP(F217,BEI!B218:C5842,2,0) -> 4.52 | L217: =IFERROR((H217-G217),IFERROR((I217-G217),IFERROR((J217-G217),IFERROR((K217-G217),"")))) -> 1.03
A218: 43831 | B218: 43861 | C218: =IF(B218="","",B218+1) -> 43862 | D218: =IF(B218="","",B218+2) -> 43863 | E218: =IF(B218="","",B218+3) -> 43864 | F218: =IF(B218="","",B218+4) -> 43865 | G218: =VLOOKUP(B218,BEI!B219:C5843,2,0) -> 3.61 | H218: =VLOOKUP(C218,BEI!B219:C5843,2,0) -> #N/A | I218: =VLOOKUP(D218,BEI!B219:C5843,2,0) -> #N/A | J218: =VLOOKUP(E218,BEI!B219:C5843,2,0) -> 3.42 | K218: =VLOOKUP(F218,BEI!B219:C5843,2,0) -> 3.58 | L218: =IFERROR((H218-G218),IFERROR((I218-G218),IFERROR((J218-G218),IFERROR((K218-G218),"")))) -> -0.19
A219: 43862 | C219: =IF(B219="","",B219+1) | D219: =IF(B219="","",B219+2) | E219: =IF(B219="","",B219+3) | F219: =IF(B219="","",B219+4) | G219: =VLOOKUP(B219,BEI!B220:C5844,2,0) -> #N/A | H219: =VLOOKUP(C219,BEI!B220:C5844,2,0) -> #N/A | I219: =VLOOKUP(D219,BEI!B220:C5844,2,0) -> #N/A | J219: =VLOOKUP(E219,BEI!B220:C5844,2,0) -> #N/A | K219: =VLOOKUP(F219,BEI!B220:C5844,2,0) -> #N/A | L219: =IFERROR((H219-G219),IFERROR((I219-G219),IFERROR((J219-G219),IFERROR((K219-G219),""))))
A220: 43891 | B220: 43917 | C220: =IF(B220="","",B220+1) -> 43918 | D220: =IF(B220="","",B220+2) -> 43919 | E220: =IF(B220="","",B220+3) -> 43920 | F220: =IF(B220="","",B220+4) -> 43921 | G220: =VLOOKUP(B220,BEI!B221:C5845,2,0) -> 2.42 | H220: =VLOOKUP(C220,BEI!B221:C5845,2,0) -> #N/A | I220: =VLOOKUP(D220,BEI!B221:C5845,2,0) -> #N/A | J220: =VLOOKUP(E220,BEI!B221:C5845,2,0) -> 2.49 | K220: =VLOOKUP(F220,BEI!B221:C5845,2,0) -> 2.5 | L220: =IFERROR((H220-G220),IFERROR((I220-G220),IFERROR((J220-G220),IFERROR((K220-G220),"")))) -> 0.07
A221: 43922 | B221: 43951 | C221: =IF(B221="","",B221+1) -> 43952 | D221: =IF(B221="","",B221+2) -> 43953 | E221: =IF(B221="","",B221+3) -> 43954 | F221: =IF(B221="","",B221+4) -> 43955 | G221: =VLOOKUP(B221,BEI!B222:C5846,2,0) -> 2.03 | H221: =VLOOKUP(C221,BEI!B222:C5846,2,0) -> #N/A | I221: =VLOOKUP(D221,BEI!B222:C5846,2,0) -> #N/A | J221: =VLOOKUP(E221,BEI!B222:C5846,2,0) -> #N/A | K221: =VLOOKUP(F221,BEI!B222:C5846,2,0) -> 2.16 | L221: =IFERROR((H221-G221),IFERROR((I221-G221),IFERROR((J221-G221),IFERROR((K221-G221),"")))) -> 0.13
A222: 43952 | B222: 43980 | C222: =IF(B222="","",B222+1) -> 43981 | D222: =IF(B222="","",B222+2) -> 43982 | E222: =IF(B222="","",B222+3) -> 43983 | F222: =IF(B222="","",B222+4) -> 43984 | G222: =VLOOKUP(B222,BEI!B223:C5847,2,0) -> 1.21 | H222: =VLOOKUP(C222,BEI!B223:C5847,2,0) -> #N/A | I222: =VLOOKUP(D222,BEI!B223:C5847,2,0) -> #N/A | J222: =VLOOKUP(E222,BEI!B223:C5847,2,0) -> 1.06 | K222: =VLOOKUP(F222,BEI!B223:C5847,2,0) -> 1.27 | L222: =IFERROR((H222-G222),IFERROR((I222-G222),IFERROR((J222-G222),IFERROR((K222-G222),"")))) -> -0.15
A223: 43983 | B223: 44012 | C223: =IF(B223="","",B223+1) -> 44013 | D223: =IF(B223="","",B223+2) -> 44014 | E223: =IF(B223="","",B223+3) -> 44015 | F223: =IF(B223="","",B223+4) -> 44016 | G223: =VLOOKUP(B223,BEI!B224:C5848,2,0) -> 0.77 | H223: =VLOOKUP(C223,BEI!B224:C5848,2,0) -> 0.91 | I223: =VLOOKUP(D223,BEI!B224:C5848,2,0) -> 0.83 | J223: =VLOOKUP(E223,BEI!B224:C5848,2,0) -> 0.76 | K223: =VLOOKUP(F223,BEI!B224:C5848,2,0) -> #N/A | L223: =IFERROR((H223-G223),IFERROR((I223-G223),IFERROR((J223-G223),IFERROR((K223-G223),"")))) -> 0.14
A224: 44013 | B224: 44043 | C224: =IF(B224="","",B224+1) -> 44044 | D224: =IF(B224="","",B224+2) -> 44045 | E224: =IF(B224="","",B224+3) -> 44046 | F224: =IF(B224="","",B224+4) -> 44047 | G224: =VLOOKUP(B224,BEI!B225:C5849,2,0) -> 0.85 | H224: =VLOOKUP(C224,BEI!B225:C5849,2,0) -> #N/A | I224: =VLOOKUP(D224,BEI!B225:C5849,2,0) -> #N/A | J224: =VLOOKUP(E224,BEI!B225:C5849,2,0) -> 1.02 | K224: =VLOOKUP(F224,BEI!B225:C5849,2,0) -> 0.9 | L224: =IFERROR((H224-G224),IFERROR((I224-G224),IFERROR((J224-G224),IFERROR((K224-G224),"")))) -> 0.17
A225: 44044 | B225: 44074 | C225: =IF(B225="","",B225+1) -> 44075 | D225: =IF(B225="","",B225+2) -> 44076 | E225: =IF(B225="","",B225+3) -> 44077 | F225: =IF(B225="","",B225+4) -> 44078 | G225: =VLOOKUP(B225,BEI!B226:C5850,2,0) -> 1.59 | H225: =VLOOKUP(C225,BEI!B226:C5850,2,0) -> 1.69 | I225: =VLOOKUP(D225,BEI!B226:C5850,2,0) -> 1.78 | J225: =VLOOKUP(E225,BEI!B226:C5850,2,0) -> 1.37 | K225: =VLOOKUP(F225,BEI!B226:C5850,2,0) -> 1.71 | L225: =IFERROR((H225-G225),IFERROR((I225-G225),IFERROR((J225-G225),IFERROR((K225-G225),"")))) -> 0.1
A226: 44075 | B226: 44099 | C226: =IF(B226="","",B226+1) -> 44100 | D226: =IF(B226="","",B226+2) -> 44101 | E226: =IF(B226="","",B226+3) -> 44102 | F226: =IF(B226="","",B226+4) -> 44103 | G226: =VLOOKUP(B226,BEI!B227:C5851,2,0) -> 1.41 | H226: =VLOOKUP(C226,BEI!B227:C5851,2,0) -> #N/A | I226: =VLOOKUP(D226,BEI!B227:C5851,2,0) -> #N/A | J226: =VLOOKUP(E226,BEI!B227:C5851,2,0) -> 1.27 | K226: =VLOOKUP(F226,BEI!B227:C5851,2,0) -> 1.34 | L226: =IFERROR((H226-G226),IFERROR((I226-G226),IFERROR((J226-G226),IFERROR((K226-G226),"")))) -> -0.14
A227: 44105 | B227: 44134 | C227: =IF(B227="","",B227+1) -> 44135 | D227: =IF(B227="","",B227+2) -> 44136 | E227: =IF(B227="","",B227+3) -> 44137 | F227: =IF(B227="","",B227+4) -> 44138 | G227: =VLOOKUP(B227,BEI!B228:C5852,2,0) -> 2.01 | H227: =VLOOKUP(C227,BEI!B228:C5852,2,0) -> #N/A | I227: =VLOOKUP(D227,BEI!B228:C5852,2,0) -> #N/A | J227: =VLOOKUP(E227,BEI!B228:C5852,2,0) -> #N/A | K227: =VLOOKUP(F227,BEI!B228:C5852,2,0) -> 1.98 | L227: =IFERROR((H227-G227),IFERROR((I227-G227),IFERROR((J227-G227),IFERROR((K227-G227),"")))) -> -0.03
A228: 44136 | B228: 44162 | C228: =IF(B228="","",B228+1) -> 44163 | D228: =IF(B228="","",B228+2) -> 44164 | E228: =IF(B228="","",B228+3) -> 44165 | F228: =IF(B228="","",B228+4) -> 44166 | G228: =VLOOKUP(B228,BEI!B229:C5853,2,0) -> 1.81 | H228: =VLOOKUP(C228,BEI!B229:C5853,2,0) -> #N/A | I228: =VLOOKUP(D228,BEI!B229:C5853,2,0) -> #N/A | J228: =VLOOKUP(E228,BEI!B229:C5853,2,0) -> 1.81 | K228: =VLOOKUP(F228,BEI!B229:C5853,2,0) -> 1.82 | L228: =IFERROR((H228-G228),IFERROR((I228-G228),IFERROR((J228-G228),IFERROR((K228-G228),"")))) -> 2.220446e-16
A229: 44166 | B229: 44183 | C229: =IF(B229="","",B229+1) -> 44184 | D229: =IF(B229="","",B229+2) -> 44185 | E229: =IF(B229="","",B229+3) -> 44186 | F229: =IF(B229="","",B229+4) -> 44187 | G229: =VLOOKUP(B229,BEI!B230:C5854,2,0) -> 1.95 | H229: =VLOOKUP(C229,BEI!B230:C5854,2,0) -> #N/A | I229: =VLOOKUP(D229,BEI!B230:C5854,2,0) -> #N/A | J229: =VLOOKUP(E229,BEI!B230:C5854,2,0) -> 2.08 | K229: =VLOOKUP(F229,BEI!B230:C5854,2,0) -> 1.5 | L229: =IFERROR((H229-G229),IFERROR((I229-G229),IFERROR((J229-G229),IFERROR((K229-G229),"")))) -> 0.13
A230: 44197 | B230: 44225 | C230: =IF(B230="","",B230+1) -> 44226 | D230: =IF(B230="","",B230+2) -> 44227 | E230: =IF(B230="","",B230+3) -> 44228 | F230: =IF(B230="","",B230+4) -> 44229 | G230: =VLOOKUP(B230,BEI!B231:C5855,2,0) -> 2.13 | H230: =VLOOKUP(C230,BEI!B231:C5855,2,0) -> #N/A | I230: =VLOOKUP(D230,BEI!B231:C5855,2,0) -> #N/A | J230: =VLOOKUP(E230,BEI!B231:C5855,2,0) -> 2.14 | K230: =VLOOKUP(F230,BEI!B231:C5855,2,0) -> 2 | L230: =IFERROR((H230-G230),IFERROR((I230-G230),IFERROR((J230-G230),IFERROR((K230-G230),"")))) -> 0.01
A231: 44228 | C231: =IF(B231="","",B231+1) | D231: =IF(B231="","",B231+2) | E231: =IF(B231="","",B231+3) | F231: =IF(B231="","",B231+4) | G231: =VLOOKUP(B231,BEI!B232:C5856,2,0) -> #N/A | H231: =VLOOKUP(C231,BEI!B232:C5856,2,0) -> #N/A | I231: =VLOOKUP(D231,BEI!B232:C5856,2,0) -> #N/A | J231: =VLOOKUP(E231,BEI!B232:C5856,2,0) -> #N/A | K231: =VLOOKUP(F231,BEI!B232:C5856,2,0) -> #N/A | L231: =IFERROR((H231-G231),IFERROR((I231-G231),IFERROR((J231-G231),IFERROR((K231-G231),""))))
A232: 44256 | B232: 44281 | C232: =IF(B232="","",B232+1) -> 44282 | D232: =IF(B232="","",B232+2) -> 44283 | E232: =IF(B232="","",B232+3) -> 44284 | F232: =IF(B232="","",B232+4) -> 44285 | G232: =VLOOKUP(B232,BEI!B233:C5857,2,0) -> 1.95 | H232: =VLOOKUP(C232,BEI!B233:C5857,2,0) -> #N/A | I232: =VLOOKUP(D232,BEI!B233:C5857,2,0) -> #N/A | J232: =VLOOKUP(E232,BEI!B233:C5857,2,0) -> 2.09 | K232: =VLOOKUP(F232,BEI!B233:C5857,2,0) -> 1.95 | L232: =IFERROR((H232-G232),IFERROR((I232-G232),IFERROR((J232-G232),IFERROR((K232-G232),"")))) -> 0.14
A233: 44287 | B233: 44316 | C233: =IF(B233="","",B233+1) -> 44317 | D233: =IF(B233="","",B233+2) -> 44318 | E233: =IF(B233="","",B233+3) -> 44319 | F233: =IF(B233="","",B233+4) -> 44320 | G233: =VLOOKUP(B233,BEI!B234:C5858,2,0) -> 1.77 | H233: =VLOOKUP(C233,BEI!B234:C5858,2,0) -> #N/A | I233: =VLOOKUP(D233,BEI!B234:C5858,2,0) -> #N/A | J233: =VLOOKUP(E233,BEI!B234:C5858,2,0) -> 1.93 | K233: =VLOOKUP(F233,BEI!B234:C5858,2,0) -> 1.8 | L233: =IFERROR((H233-G233),IFERROR((I233-G233),IFERROR((J233-G233),IFERROR((K233-G233),"")))) -> 0.16
A234: 44317 | C234: =IF(B234="","",B234+1) | D234: =IF(B234="","",B234+2) | E234: =IF(B234="","",B234+3) | F234: =IF(B234="","",B234+4) | G234: =VLOOKUP(B234,BEI!B235:C5859,2,0) -> #N/A | H234: =VLOOKUP(C234,BEI!B235:C5859,2,0) -> #N/A | I234: =VLOOKUP(D234,BEI!B235:C5859,2,0) -> #N/A | J234: =VLOOKUP(E234,BEI!B235:C5859,2,0) -> #N/A | K234: =VLOOKUP(F234,BEI!B235:C5859,2,0) -> #N/A | L234: =IFERROR((H234-G234),IFERROR((I234-G234),IFERROR((J234-G234),IFERROR((K234-G234),""))))
A235: 44348 | B235: 44375 | C235: =IF(B235="","",B235+1) -> 44376 | D235: =IF(B235="","",B235+2) -> 44377 | E235: =IF(B235="","",B235+3) -> 44378 | F235: =IF(B235="","",B235+4) -> 44379 | G235: =VLOOKUP(B235,BEI!B236:C5860,2,0) -> 2.35 | H235: =VLOOKUP(C235,BEI!B236:C5860,2,0) -> 2.44 | I235: =VLOOKUP(D235,BEI!B236:C5860,2,0) -> 2.36 | J235: =VLOOKUP(E235,BEI!B236:C5860,2,0) -> 2.29 | K235: =VLOOKUP(F235,BEI!B236:C5860,2,0) -> 2.25 | L235: =IFERROR((H235-G235),IFERROR((I235-G235),IFERROR((J235-G235),IFERROR((K235-G235),"")))) -> 0.09
A236: 44378 | B236: 44407 | C236: =IF(B236="","",B236+1) -> 44408 | D236: =IF(B236="","",B236+2) -> 44409 | E236: =IF(B236="","",B236+3) -> 44410 | F236: =IF(B236="","",B236+4) -> 44411 | G236: =VLOOKUP(B236,BEI!B237:C5861,2,0) -> 2.12 | H236: =VLOOKUP(C236,BEI!B237:C5861,2,0) -> #N/A | I236: =VLOOKUP(D236,BEI!B237:C5861,2,0) -> #N/A | J236: =VLOOKUP(E236,BEI!B237:C5861,2,0) -> 2.15 | K236: =VLOOKUP(F236,BEI!B237:C5861,2,0) -> 2.1 | L236: =IFERROR((H236-G236),IFERROR((I236-G236),IFERROR((J236-G236),IFERROR((K236-G236),"")))) -> 0.03
A237: 44409 | C237: =IF(B237="","",B237+1) | D237: =IF(B237="","",B237+2) | E237: =IF(B237="","",B237+3) | F237: =IF(B237="","",B237+4) | G237: =VLOOKUP(B237,BEI!B238:C5862,2,0) -> #N/A | H237: =VLOOKUP(C237,BEI!B238:C5862,2,0) -> #N/A | I237: =VLOOKUP(D237,BEI!B238:C5862,2,0) -> #N/A | J237: =VLOOKUP(E237,BEI!B238:C5862,2,0) -> #N/A | K237: =VLOOKUP(F237,BEI!B238:C5862,2,0) -> #N/A | L237: =IFERROR((H237-G237),IFERROR((I237-G237),IFERROR((J237-G237),IFERROR((K237-G237),""))))
A238: 44440 | B238: 44469 | C238: =IF(B238="","",B238+1) -> 44470 | D238: =IF(B238="","",B238+2) -> 44471 | E238: =IF(B238="","",B238+3) -> 44472 | F238: =IF(B238="","",B238+4) -> 44473 | G238: =VLOOKUP(B238,BEI!B239:C5863,2,0) -> 2.75 | H238: =VLOOKUP(C238,BEI!B239:C5863,2,0) -> 2.79 | I238: =VLOOKUP(D238,BEI!B239:C5863,2,0) -> #N/A | J238: =VLOOKUP(E238,BEI!B239:C5863,2,0) -> #N/A | K238: =VLOOKUP(F238,BEI!B239:C5863,2,0) -> 2.88 | L238: =IFERROR((H238-G238),IFERROR((I238-G238),IFERROR((J238-G238),IFERROR((K238-G238),"")))) -> 0.04
A239: 44470 | B239: 44498 | C239: =IF(B239="","",B239+1) -> 44499 | D239: =IF(B239="","",B239+2) -> 44500 | E239: =IF(B239="","",B239+3) -> 44501 | F239: =IF(B239="","",B239+4) -> 44502 | G239: =VLOOKUP(B239,BEI!B240:C5864,2,0) -> 3.52 | H239: =VLOOKUP(C239,BEI!B240:C5864,2,0) -> #N/A | I239: =VLOOKUP(D239,BEI!B240:C5864,2,0) -> #N/A | J239: =VLOOKUP(E239,BEI!B240:C5864,2,0) -> #N/A | K239: =VLOOKUP(F239,BEI!B240:C5864,2,0) -> 3.68 | L239: =IFERROR((H239-G239),IFERROR((I239-G239),IFERROR((J239-G239),IFERROR((K239-G239),"")))) -> 0.16
A240: 44501 | C240: =IF(B240="","",B240+1) | D240: =IF(B240="","",B240+2) | E240: =IF(B240="","",B240+3) | F240: =IF(B240="","",B240+4) | G240: =VLOOKUP(B240,BEI!B241:C5865,2,0) -> #N/A | H240: =VLOOKUP(C240,BEI!B241:C5865,2,0) -> #N/A | I240: =VLOOKUP(D240,BEI!B241:C5865,2,0) -> #N/A | J240: =VLOOKUP(E240,BEI!B241:C5865,2,0) -> #N/A | K240: =VLOOKUP(F240,BEI!B241:C5865,2,0) -> #N/A | L240: =IFERROR((H240-G240),IFERROR((I240-G240),IFERROR((J240-G240),IFERROR((K240-G240),""))))
A241: 44531 | B241: 44547 | C241: =IF(B241="","",B241+1) -> 44548 | D241: =IF(B241="","",B241+2) -> 44549 | E241: =IF(B241="","",B241+3) -> 44550 | F241: =IF(B241="","",B241+4) -> 44551 | G241: =VLOOKUP(B241,BEI!B242:C5866,2,0) -> 4.24 | H241: =VLOOKUP(C241,BEI!B242:C5866,2,0) -> #N/A | I241: =VLOOKUP(D241,BEI!B242:C5866,2,0) -> #N/A | J241: =VLOOKUP(E241,BEI!B242:C5866,2,0) -> 4.33 | K241: =VLOOKUP(F241,BEI!B242:C5866,2,0) -> 4.37 | L241: =IFERROR((H241-G241),IFERROR((I241-G241),IFERROR((J241-G241),IFERROR((K241-G241),"")))) -> 0.09
A242: 44562 | B242: 44589 | C242: =IF(B242="","",B242+1) -> 44590 | D242: =IF(B242="","",B242+2) -> 44591 | E242: =IF(B242="","",B242+3) -> 44592 | F242: =IF(B242="","",B242+4) -> 44593 | G242: =VLOOKUP(B242,BEI!B243:C5867,2,0) -> 5.08 | H242: =VLOOKUP(C242,BEI!B243:C5867,2,0) -> #N/A | I242: =VLOOKUP(D242,BEI!B243:C5867,2,0) -> #N/A | J242: =VLOOKUP(E242,BEI!B243:C5867,2,0) -> 5.16 | K242: =VLOOKUP(F242,BEI!B243:C5867,2,0) -> 5.17 | L242: =IFERROR((H242-G242),IFERROR((I242-G242),IFERROR((J242-G242),IFERROR((K242-G242),"")))) -> 0.08
A243: 44593 | C243: =IF(B243="","",B243+1) | D243: =IF(B243="","",B243+2) | E243: =IF(B243="","",B243+3) | F243: =IF(B243="","",B243+4) | G243: =VLOOKUP(B243,BEI!B244:C5868,2,0) -> #N/A | H243: =VLOOKUP(C243,BEI!B244:C5868,2,0) -> #N/A | I243: =VLOOKUP(D243,BEI!B244:C5868,2,0) -> #N/A | J243: =VLOOKUP(E243,BEI!B244:C5868,2,0) -> #N/A | K243: =VLOOKUP(F243,BEI!B244:C5868,2,0) -> #N/A | L243: =IFERROR((H243-G243),IFERROR((I243-G243),IFERROR((J243-G243),IFERROR((K243-G243),""))))
A244: 44621 | B244: 44651 | C244: =IF(B244="","",B244+1) -> 44652 | D244: =IF(B244="","",B244+2) -> 44653 | E244: =IF(B244="","",B244+3) -> 44654 | F244: =IF(B244="","",B244+4) -> 44655 | G244: =VLOOKUP(B244,BEI!B245:C5869,2,0) -> 6.52 | H244: =VLOOKUP(C244,BEI!B245:C5869,2,0) -> 6.22 | I244: =VLOOKUP(D244,BEI!B245:C5869,2,0) -> #N/A | J244: =VLOOKUP(E244,BEI!B245:C5869,2,0) -> #N/A | K244: =VLOOKUP(F244,BEI!B245:C5869,2,0) -> 6.03 | L244: =IFERROR((H244-G244),IFERROR((I244-G244),IFERROR((J244-G244),IFERROR((K244-G244),"")))) -> -0.3
A245: 44652 | B245: 44680 | C245: =IF(B245="","",B245+1) -> 44681 | D245: =IF(B245="","",B245+2) -> 44682 | E245: =IF(B245="","",B245+3) -> 44683 | F245: =IF(B245="","",B245+4) -> 44684 | G245: =VLOOKUP(B245,BEI!B246:C5870,2,0) -> 6.88 | H245: =VLOOKUP(C245,BEI!B246:C5870,2,0) -> #N/A | I245: =VLOOKUP(D245,BEI!B246:C5870,2,0) -> #N/A | J245: =VLOOKUP(E245,BEI!B246:C5870,2,0) -> 7.08 | K245: =VLOOKUP(F245,BEI!B246:C5870,2,0) -> 7.05 | L245: =IFERROR((H245-G245),IFERROR((I245-G245),IFERROR((J245-G245),IFERROR((K245-G245),"")))) -> 0.2
A246: 44682 | C246: =IF(B246="","",B246+1) | D246: =IF(B246="","",B246+2) | E246: =IF(B246="","",B246+3) | F246: =IF(B246="","",B246+4) | G246: =VLOOKUP(B246,BEI!B247:C5871,2,0) -> #N/A | H246: =VLOOKUP(C246,BEI!B247:C5871,2,0) -> #N/A | I246: =VLOOKUP(D246,BEI!B247:C5871,2,0) -> #N/A | J246: =VLOOKUP(E246,BEI!B247:C5871,2,0) -> #N/A | K246: =VLOOKUP(F246,BEI!B247:C5871,2,0) -> #N/A | L246: =IFERROR((H246-G246),IFERROR((I246-G246),IFERROR((J246-G246),IFERROR((K246-G246),""))))
A247: 44713 | B247: 44742 | C247: =IF(B247="","",B247+1) -> 44743 | D247: =IF(B247="","",B247+2) -> 44744 | E247: =IF(B247="","",B247+3) -> 44745 | F247: =IF(B247="","",B247+4) -> 44746 | G247: =VLOOKUP(B247,BEI!B248:C5872,2,0) -> 7.68 | H247: =VLOOKUP(C247,BEI!B248:C5872,2,0) -> 7.69 | I247: =VLOOKUP(D247,BEI!B248:C5872,2,0) -> #N/A | J247: =VLOOKUP(E247,BEI!B248:C5872,2,0) -> #N/A | K247: =VLOOKUP(F247,BEI!B248:C5872,2,0) -> #N/A | L247: =IFERROR((H247-G247),IFERROR((I247-G247),IFERROR((J247-G247),IFERROR((K247-G247),"")))) -> 0.01
A248: 44743 | B248: 44771 | C248: =IF(B248="","",B248+1) -> 44772 | D248: =IF(B248="","",B248+2) -> 44773 | E248: =IF(B248="","",B248+3) -> 44774 | F248: =IF(B248="","",B248+4) -> 44775 | G248: =VLOOKUP(B248,BEI!B249:C5873,2,0) -> 7.57 | H248: =VLOOKUP(C248,BEI!B249:C5873,2,0) -> #N/A | I248: =VLOOKUP(D248,BEI!B249:C5873,2,0) -> #N/A | J248: =VLOOKUP(E248,BEI!B249:C5873,2,0) -> 7.51 | K248: =VLOOKUP(F248,BEI!B249:C5873,2,0) -> 7.57 | L248: =IFERROR((H248-G248),IFERROR((I248-G248),IFERROR((J248-G248),IFERROR((K248-G248),"")))) -> -0.06
A249: 44774 | C249: =IF(B249="","",B249+1) | D249: =IF(B249="","",B249+2) | E249: =IF(B249="","",B249+3) | F249: =IF(B249="","",B249+4) | G249: =VLOOKUP(B249,BEI!B250:C5874,2,0) -> #N/A | H249: =VLOOKUP(C249,BEI!B250:C5874,2,0) -> #N/A | I249: =VLOOKUP(D249,BEI!B250:C5874,2,0) -> #N/A | J249: =VLOOKUP(E249,BEI!B250:C5874,2,0) -> #N/A | K249: =VLOOKUP(F249,BEI!B250:C5874,2,0) -> #N/A | L249: =IFERROR((H249-G249),IFERROR((I249-G249),IFERROR((J249-G249),IFERROR((K249-G249),""))))
A250: 44805 | B250: 44833 | C250: =IF(B250="","",B250+1) -> 44834 | D250: =IF(B250="","",B250+2) -> 44835 | E250: =IF(B250="","",B250+3) -> 44836 | F250: =IF(B250="","",B250+4) -> 44837 | G250: =VLOOKUP(B250,BEI!B251:C5875,2,0) -> 9.7 | H250: =VLOOKUP(C250,BEI!B251:C5875,2,0) -> 9.53 | I250: =VLOOKUP(D250,BEI!B251:C5875,2,0) -> #N/A | J250: =VLOOKUP(E250,BEI!B251:C5875,2,0) -> #N/A | K250: =VLOOKUP(F250,BEI!B251:C5875,2,0) -> 9.46 | L250: =IFERROR((H250-G250),IFERROR((I250-G250),IFERROR((J250-G250),IFERROR((K250-G250),"")))) -> -0.17
A251: 44835 | B251: 44862 | C251: =IF(B251="","",B251+1) -> 44863 | D251: =IF(B251="","",B251+2) -> 44864 | E251: =IF(B251="","",B251+3) -> 44865 | F251: =IF(B251="","",B251+4) -> 44866 | G251: =VLOOKUP(B251,BEI!B252:C5876,2,0) -> 9.47 | H251: =VLOOKUP(C251,BEI!B252:C5876,2,0) -> #N/A | I251: =VLOOKUP(D251,BEI!B252:C5876,2,0) -> #N/A | J251: =VLOOKUP(E251,BEI!B252:C5876,2,0) -> 9.6 | K251: =VLOOKUP(F251,BEI!B252:C5876,2,0) -> 9.71 | L251: =IFERROR((H251-G251),IFERROR((I251-G251),IFERROR((J251-G251),IFERROR((K251-G251),"")))) -> 0.13
A252: 44866 | C252: =IF(B252="","",B252+1) | D252: =IF(B252="","",B252+2) | E252: =IF(B252="","",B252+3) | F252: =IF(B252="","",B252+4) | G252: =VLOOKUP(B252,BEI!B253:C5877,2,0) -> #N/A | H252: =VLOOKUP(C252,BEI!B253:C5877,2,0) -> #N/A | I252: =VLOOKUP(D252,BEI!B253:C5877,2,0) -> #N/A | J252: =VLOOKUP(E252,BEI!B253:C5877,2,0) -> #N/A | K252: =VLOOKUP(F252,BEI!B253:C5877,2,0) -> #N/A | L252: =IFERROR((H252-G252),IFERROR((I252-G252),IFERROR((J252-G252),IFERROR((K252-G252),""))))
A253: 44896 | B253: 44911 | C253: =IF(B253="","",B253+1) -> 44912 | D253: =IF(B253="","",B253+2) -> 44913 | E253: =IF(B253="","",B253+3) -> 44914 | F253: =IF(B253="","",B253+4) -> 44915 | G253: =VLOOKUP(B253,BEI!B254:C5878,2,0) -> 8.4 | H253: =VLOOKUP(C253,BEI!B254:C5878,2,0) -> #N/A | I253: =VLOOKUP(D253,BEI!B254:C5878,2,0) -> #N/A | J253: =VLOOKUP(E253,BEI!B254:C5878,2,0) -> 8.4 | K253: =VLOOKUP(F253,BEI!B254:C5878,2,0) -> 8.29 | L253: =IFERROR((H253-G253),IFERROR((I253-G253),IFERROR((J253-G253),IFERROR((K253-G253),"")))) -> 1.7763568e-15
...

Sheet Shocks WTI
A1: Fecha datos | B1: Fecha Junta Directiva | C1: Fecha un día después | D1: Fecha dos días después | E1: Fecha tres días después | F1: Fecha cuatro días después | G1: Stock Fecha Junta | H1: Stock un día después | I1: Stock dos días después | J1: Stock tres días despues | K1: Stock cuatro días despues | L1: SHOCK WTI | M1: Shock colcap | N1: Shock BEI
A2: 37257 | B2: 37274 | C2: =IF(B2="","",B2+1) -> 37275 | D2: =IF(B2="","",B2+2) -> 37276 | E2: =IF(B2="","",B2+3) -> 37277 | F2: =IF(B2="","",B2+4) -> 37278 | G2: =VLOOKUP(B2,WTI!A2:B10524,2,0) -> 18.02 | H2: =VLOOKUP(C2,WTI!A2:B10524,2,0) -> #N/A | I2: =VLOOKUP(D2,WTI!A2:B10524,2,0) -> #N/A | J2: =VLOOKUP(E2,WTI!A2:B10524,2,0) -> 18.02 | K2: =VLOOKUP(F2,WTI!A2:B10524,2,0) -> 18.36 | L2: =IFERROR(LN(H2/G2),IFERROR(LN(I2/G2),IFERROR(LN(J2/G2),IFERROR(LN(K2/G2),"")))) -> 0
A3: 37288 | B3: 37305 | C3: =IF(B3="","",B3+1) -> 37306 | D3: =IF(B3="","",B3+2) -> 37307 | E3: =IF(B3="","",B3+3) -> 37308 | F3: =IF(B3="","",B3+4) -> 37309 | G3: =VLOOKUP(B3,WTI!A3:B10525,2,0) -> 21.47 | H3: =VLOOKUP(C3,WTI!A3:B10525,2,0) -> 20.77 | I3: =VLOOKUP(D3,WTI!A3:B10525,2,0) -> 20.31 | J3: =VLOOKUP(E3,WTI!A3:B10525,2,0) -> 20.81 | K3: =VLOOKUP(F3,WTI!A3:B10525,2,0) -> 20.92 | L3: =IFERROR(LN(H3/G3),IFERROR(LN(I3/G3),IFERROR(LN(J3/G3),IFERROR(LN(K3/G3),"")))) -> -0.033146974
A4: 37316 | C4: =IF(B4="","",B4+1) | D4: =IF(B4="","",B4+2) | E4: =IF(B4="","",B4+3) | F4: =IF(B4="","",B4+4) | G4: =VLOOKUP(B4,WTI!A4:B10526,2,0) -> #N/A | H4: =VLOOKUP(C4,WTI!A4:B10526,2,0) -> #N/A | I4: =VLOOKUP(D4,WTI!A4:B10526,2,0) -> #N/A | J4: =VLOOKUP(E4,WTI!A4:B10526,2,0) -> #N/A | K4: =VLOOKUP(F4,WTI!A4:B10526,2,0) -> #N/A | L4: =IFERROR(LN(H4/G4),IFERROR(LN(I4/G4),IFERROR(LN(J4/G4),IFERROR(LN(K4/G4),""))))
A5: 37347 | B5: 37358 | C5: =IF(B5="","",B5+1) -> 37359 | D5: =IF(B5="","",B5+2) -> 37360 | E5: =IF(B5="","",B5+3) -> 37361 | F5: =IF(B5="","",B5+4) -> 37362 | G5: =VLOOKUP(B5,WTI!A5:B10527,2,0) -> 23.51 | H5: =VLOOKUP(C5,WTI!A5:B10527,2,0) -> #N/A | I5: =VLOOKUP(D5,WTI!A5:B10527,2,0) -> #N/A | J5: =VLOOKUP(E5,WTI!A5:B10527,2,0) -> 24.53 | K5: =VLOOKUP(F5,WTI!A5:B10527,2,0) -> 24.92 | L5: =IFERROR(LN(H5/G5),IFERROR(LN(I5/G5),IFERROR(LN(J5/G5),IFERROR(LN(K5/G5),"")))) -> 0.042470996
A6: 37377 | B6: 37393 | C6: =IF(B6="","",B6+1) -> 37394 | D6: =IF(B6="","",B6+2) -> 37395 | E6: =IF(B6="","",B6+3) -> 37396 | F6: =IF(B6="","",B6+4) -> 37397 | G6: =VLOOKUP(B6,WTI!A6:B10528,2,0) -> 28.19 | H6: =VLOOKUP(C6,WTI!A6:B10528,2,0) -> #N/A | I6: =VLOOKUP(D6,WTI!A6:B10528,2,0) -> #N/A | J6: =VLOOKUP(E6,WTI!A6:B10528,2,0) -> 28.24 | K6: =VLOOKUP(F6,WTI!A6:B10528,2,0) -> 27.35 | L6: =IFERROR(LN(H6/G6),IFERROR(LN(I6/G6),IFERROR(LN(J6/G6),IFERROR(LN(K6/G6),"")))) -> 0.0017721075
A7: 37408 | C7: =IF(B7="","",B7+1) | D7: =IF(B7="","",B7+2) | E7: =IF(B7="","",B7+3) | F7: =IF(B7="","",B7+4) | G7: =VLOOKUP(B7,WTI!A7:B10529,2,0) -> #N/A | H7: =VLOOKUP(C7,WTI!A7:B10529,2,0) -> #N/A | I7: =VLOOKUP(D7,WTI!A7:B10529,2,0) -> #N/A | J7: =VLOOKUP(E7,WTI!A7:B10529,2,0) -> #N/A | K7: =VLOOKUP(F7,WTI!A7:B10529,2,0) -> #N/A | L7: =IFERROR(LN(H7/G7),IFERROR(LN(I7/G7),IFERROR(LN(J7/G7),IFERROR(LN(K7/G7),""))))
A8: 37438 | B8: 37456 | C8: =IF(B8="","",B8+1) -> 37457 | D8: =IF(B8="","",B8+2) -> 37458 | E8: =IF(B8="","",B8+3) -> 37459 | F8: =IF(B8="","",B8+4) -> 37460 | G8: =VLOOKUP(B8,WTI!A8:B10530,2,0) -> 27.83 | H8: =VLOOKUP(C8,WTI!A8:B10530,2,0) -> #N/A | I8: =VLOOKUP(D8,WTI!A8:B10530,2,0) -> #N/A | J8: =VLOOKUP(E8,WTI!A8:B10530,2,0) -> 26.61 | K8: =VLOOKUP(F8,WTI!A8:B10530,2,0) -> 26.61 | L8: =IFERROR(LN(H8/G8),IFERROR(LN(I8/G8),IFERROR(LN(J8/G8),IFERROR(LN(K8/G8),"")))) -> -0.044827491
A9: 37469 | B9: 37484 | C9: =IF(B9="","",B9+1) -> 37485 | D9: =IF(B9="","",B9+2) -> 37486 | E9: =IF(B9="","",B9+3) -> 37487 | F9: =IF(B9="","",B9+4) -> 37488 | G9: =VLOOKUP(B9,WTI!A9:B10531,2,0) -> 29.24 | H9: =VLOOKUP(C9,WTI!A9:B10531,2,0) -> #N/A | I9: =VLOOKUP(D9,WTI!A9:B10531,2,0) -> #N/A | J9: =VLOOKUP(E9,WTI!A9:B10531,2,0) -> 29.86 | K9: =VLOOKUP(F9,WTI!A9:B10531,2,0) -> 30.12 | L9: =IFERROR(LN(H9/G9),IFERROR(LN(I9/G9),IFERROR(LN(J9/G9),IFERROR(LN(K9/G9),"")))) -> 0.020982157
A10: 37500 | B10: 37512 | C10: =IF(B10="","",B10+1) -> 37513 | D10: =IF(B10="","",B10+2) -> 37514 | E10: =IF(B10="","",B10+3) -> 37515 | F10: =IF(B10="","",B10+4) -> 37516 | G10: =VLOOKUP(B10,WTI!A10:B10532,2,0) -> 29.83 | H10: =VLOOKUP(C10,WTI!A10:B10532,2,0) -> #N/A | I10: =VLOOKUP(D10,WTI!A10:B10532,2,0) -> #N/A | J10: =VLOOKUP(E10,WTI!A10:B10532,2,0) -> 29.14 | K10: =VLOOKUP(F10,WTI!A10:B10532,2,0) -> 29.08 | L10: =IFERROR(LN(H10/G10),IFERROR(LN(I10/G10),IFERROR(LN(J10/G10),IFERROR(LN(K10/G10),"")))) -> -0.023402798
A11: 37530 | B11: 37547 | C11: =IF(B11="","",B11+1) -> 37548 | D11: =IF(B11="","",B11+2) -> 37549 | E11: =IF(B11="","",B11+3) -> 37550 | F11: =IF(B11="","",B11+4) -> 37551 | G11: =VLOOKUP(B11,WTI!A11:B10533,2,0) -> 29.56 | H11: =VLOOKUP(C11,WTI!A11:B10533,2,0) -> #N/A | I11: =VLOOKUP(D11,WTI!A11:B10533,2,0) -> #N/A | J11: =VLOOKUP(E11,WTI!A11:B10533,2,0) -> 28.31 | K11: =VLOOKUP(F11,WTI!A11:B10533,2,0) -> 27.93 | L11: =IFERROR(LN(H11/G11),IFERROR(LN(I11/G11),IFERROR(LN(J11/G11),IFERROR(LN(K11/G11),"")))) -> -0.043206997
A12: 37561 | B12: 37581 | C12: =IF(B12="","",B12+1) -> 37582 | D12: =IF(B12="","",B12+2) -> 37583 | E12: =IF(B12="","",B12+3) -> 37584 | F12: =IF(B12="","",B12+4) -> 37585 | G12: =VLOOKUP(B12,WTI!A12:B10534,2,0) -> 27.07 | H12: =VLOOKUP(C12,WTI!A12:B10534,2,0) -> 27.73 | I12: =VLOOKUP(D12,WTI!A12:B10534,2,0) -> #N/A | J12: =VLOOKUP(E12,WTI!A12:B10534,2,0) -> #N/A | K12: =VLOOKUP(F12,WTI!A12:B10534,2,0) -> 27.01 | L12: =IFERROR(LN(H12/G12),IFERROR(LN(I12/G12),IFERROR(LN(J12/G12),IFERROR(LN(K12/G12),"")))) -> 0.024088756
A13: 37591 | B13: 37613 | C13: =IF(B13="","",B13+1) -> 37614 | D13: =IF(B13="","",B13+2) -> 37615 | E13: =IF(B13="","",B13+3) -> 37616 | F13: =IF(B13="","",B13+4) -> 37617 | G13: =VLOOKUP(B13,WTI!A13:B10535,2,0) -> 32.09 | H13: =VLOOKUP(C13,WTI!A13:B10535,2,0) -> 32.13 | I13: =VLOOKUP(D13,WTI!A13:B10535,2,0) -> 32.13 | J13: =VLOOKUP(E13,WTI!A13:B10535,2,0) -> 32.61 | K13: =VLOOKUP(F13,WTI!A13:B10535,2,0) -> 32.68 | L13: =IFERROR(LN(H13/G13),IFERROR(LN(I13/G13),IFERROR(LN(J13/G13),IFERROR(LN(K13/G13),"")))) -> 0.001245718
A14: 37622 | C14: =IF(B14="","",B14+1) | D14: =IF(B14="","",B14+2) | E14: =IF(B14="","",B14+3) | F14: =IF(B14="","",B14+4) | G14: =VLOOKUP(B14,WTI!A14:B10536,2,0) -> #N/A | H14: =VLOOKUP(C14,WTI!A14:B10536,2,0) -> #N/A | I14: =VLOOKUP(D14,WTI!A14:B10536,2,0) -> #N/A | J14: =VLOOKUP(E14,WTI!A14:B10536,2,0) -> #N/A | K14: =VLOOKUP(F14,WTI!A14:B10536,2,0) -> #N/A | L14: =IFERROR(LN(H14/G14),IFERROR(LN(I14/G14),IFERROR(LN(J14/G14),IFERROR(LN(K14/G14),""))))
A15: 37653 | B15: 37666 | C15: =IF(B15="","",B15+1) -> 37667 | D15: =IF(B15="","",B15+2) -> 37668 | E15: =IF(B15="","",B15+3) -> 37669 | F15: =IF(B15="","",B15+4) -> 37670 | G15: =VLOOKUP(B15,WTI!A15:B10537,2,0) -> 36.61 | H15: =VLOOKUP(C15,WTI!A15:B10537,2,0) -> #N/A | I15: =VLOOKUP(D15,WTI!A15:B10537,2,0) -> #N/A | J15: =VLOOKUP(E15,WTI!A15:B10537,2,0) -> 36.61 | K15: =VLOOKUP(F15,WTI!A15:B10537,2,0) -> 36.88 | L15: =IFERROR(LN(H15/G15),IFERROR(LN(I15/G15),IFERROR(LN(J15/G15),IFERROR(LN(K15/G15),"")))) -> 0 | N15: -0.24 | P15: =IF(L15="",0,L15) -> 0 | R15: =IF(N15="",0,N15) -> -0.24
A16: 37681 | B16: 37694 | C16: =IF(B16="","",B16+1) -> 37695 | D16: =IF(B16="","",B16+2) -> 37696 | E16: =IF(B16="","",B16+3) -> 37697 | F16: =IF(B16="","",B16+4) -> 37698 | G16: =VLOOKUP(B16,WTI!A16:B10538,2,0) -> 35.41 | H16: =VLOOKUP(C16,WTI!A16:B10538,2,0) -> #N/A | I16: =VLOOKUP(D16,WTI!A16:B10538,2,0) -> #N/A | J16: =VLOOKUP(E16,WTI!A16:B10538,2,0) -> 34.92 | K16: =VLOOKUP(F16,WTI!A16:B10538,2,0) -> 31.55 | L16: =IFERROR(LN(H16/G16),IFERROR(LN(I16/G16),IFERROR(LN(J16/G16),IFERROR(LN(K16/G16),"")))) -> -0.013934535 | N16: -0.55 | P16: =IF(L16="",0,L16) -> -0.013934535 | R16: =IF(N16="",0,N16) -> -0.55
A17: 37712 | B17: 37739 | C17: =IF(B17="","",B17+1) -> 37740 | D17: =IF(B17="","",B17+2) -> 37741 | E17: =IF(B17="","",B17+3) -> 37742 | F17: =IF(B17="","",B17+4) -> 37743 | G17: =VLOOKUP(B17,WTI!A17:B10539,2,0) -> 25.25 | H17: =VLOOKUP(C17,WTI!A17:B10539,2,0) -> 25.32 | I17: =VLOOKUP(D17,WTI!A17:B10539,2,0) -> 26.09 | J17: =VLOOKUP(E17,WTI!A17:B10539,2,0) -> 26.05 | K17: =VLOOKUP(F17,WTI!A17:B10539,2,0) -> 25.74 | L17: =IFERROR(LN(H17/G17),IFERROR(LN(I17/G17),IFERROR(LN(J17/G17),IFERROR(LN(K17/G17),"")))) -> 0.0027684416 | N17: 0.16 | P17: =IF(L17="",0,L17) -> 0.0027684416 | R17: =IF(N17="",0,N17) -> 0.16
A18: 37742 | B18: 37757 | C18: =IF(B18="","",B18+1) -> 37758 | D18: =IF(B18="","",B18+2) -> 37759 | E18: =IF(B18="","",B18+3) -> 37760 | F18: =IF(B18="","",B18+4) -> 37761 | G18: =VLOOKUP(B18,WTI!A18:B10540,2,0) -> 29.07 | H18: =VLOOKUP(C18,WTI!A18:B10540,2,0) -> #N/A | I18: =VLOOKUP(D18,WTI!A18:B10540,2,0) -> #N/A | J18: =VLOOKUP(E18,WTI!A18:B10540,2,0) -> 28.84 | K18: =VLOOKUP(F18,WTI!A18:B10540,2,0) -> 29.29 | L18: =IFERROR(LN(H18/G18),IFERROR(LN(I18/G18),IFERROR(LN(J18/G18),IFERROR(LN(K18/G18),"")))) -> -0.0079434022 | N18: -1.03 | P18: =IF(L18="",0,L18) -> -0.0079434022 | R18: =IF(N18="",0,N18) -> -1.03
A19: 37773 | B19: 37792 | C19: =IF(B19="","",B19+1) -> 37793 | D19: =IF(B19="","",B19+2) -> 37794 | E19: =IF(B19="","",B19+3) -> 37795 | F19: =IF(B19="","",B19+4) -> 37796 | G19: =VLOOKUP(B19,WTI!A19:B10541,2,0) -> 30.63 | H19: =VLOOKUP(C19,WTI!A19:B10541,2,0) -> #N/A | I19: =VLOOKUP(D19,WTI!A19:B10541,2,0) -> #N/A | J19: =VLOOKUP(E19,WTI!A19:B10541,2,0) -> 30.22 | K19: =VLOOKUP(F19,WTI!A19:B10541,2,0) -> 30.05 | L19: =IFERROR(LN(H19/G19),IFERROR(LN(I19/G19),IFERROR(LN(J19/G19),IFERROR(LN(K19/G19),"")))) -> -0.013475964 | N19: 0.32 | P19: =IF(L19="",0,L19) -> -0.013475964 | R19: =IF(N19="",0,N19) -> 0.32
A20: 37803 | B20: 37827 | C20: =IF(B20="","",B20+1) -> 37828 | D20: =IF(B20="","",B20+2) -> 37829 | E20: =IF(B20="","",B20+3) -> 37830 | F20: =IF(B20="","",B20+4) -> 37831 | G20: =VLOOKUP(B20,WTI!A20:B10542,2,0) -> 30.31 | H20: =VLOOKUP(C20,WTI!A20:B10542,2,0) -> #N/A | I20: =VLOOKUP(D20,WTI!A20:B10542,2,0) -> #N/A | J20: =VLOOKUP(E20,WTI!A20:B10542,2,0) -> 29.98 | K20: =VLOOKUP(F20,WTI!A20:B10542,2,0) -> 30.21 | L20: =IFERROR(LN(H20/G20),IFERROR(LN(I20/G20),IFERROR(LN(J20/G20),IFERROR(LN(K20/G20),"")))) -> -0.010947198 | N20: 0.19 | P20: =IF(L20="",0,L20) -> -0.010947198 | R20: =IF(N20="",0,N20) -> 0.19
A21: 37834 | B21: 37848 | C21: =IF(B21="","",B21+1) -> 37849 | D21: =IF(B21="","",B21+2) -> 37850 | E21: =IF(B21="","",B21+3) -> 37851 | F21: =IF(B21="","",B21+4) -> 37852 | G21: =VLOOKUP(B21,WTI!A21:B10543,2,0) -> 31.01 | H21: =VLOOKUP(C21,WTI!A21:B10543,2,0) -> #N/A | I21: =VLOOKUP(D21,WTI!A21:B10543,2,0) -> #N/A | J21: =VLOOKUP(E21,WTI!A21:B10543,2,0) -> 30.81 | K21: =VLOOKUP(F21,WTI!A21:B10543,2,0) -> 30.76 | L21: =IFERROR(LN(H21/G21),IFERROR(LN(I21/G21),IFERROR(LN(J21/G21),IFERROR(LN(K21/G21),"")))) -> -0.0064704205 | N21: -0.03 | P21: =IF(L21="",0,L21) -> -0.0064704205 | R21: =IF(N21="",0,N21) -> -0.03
A22: 37865 | B22: 37876 | C22: =IF(B22="","",B22+1) -> 37877 | D22: =IF(B22="","",B22+2) -> 37878 | E22: =IF(B22="","",B22+3) -> 37879 | F22: =IF(B22="","",B22+4) -> 37880 | G22: =VLOOKUP(B22,WTI!A22:B10544,2,0) -> 28.26 | H22: =VLOOKUP(C22,WTI!A22:B10544,2,0) -> #N/A | I22: =VLOOKUP(D22,WTI!A22:B10544,2,0) -> #N/A | J22: =VLOOKUP(E22,WTI!A22:B10544,2,0) -> 28.15 | K22: =VLOOKUP(F22,WTI!A22:B10544,2,0) -> 27.6 | L22: =IFERROR(LN(H22/G22),IFERROR(LN(I22/G22),IFERROR(LN(J22/G22),IFERROR(LN(K22/G22),"")))) -> -0.0039000227 | N22: -0.03 | P22: =IF(L22="",0,L22) -> -0.0039000227 | R22: =IF(N22="",0,N22) -> -0.03
A23: 37895 | B23: 37918 | C23: =IF(B23="","",B23+1) -> 37919 | D23: =IF(B23="","",B23+2) -> 37920 | E23: =IF(B23="","",B23+3) -> 37921 | F23: =IF(B23="","",B23+4) -> 37922 | G23: =VLOOKUP(B23,WTI!A23:B10545,2,0) -> 29.99 | H23: =VLOOKUP(C23,WTI!A23:B10545,2,0) -> #N/A | I23: =VLOOKUP(D23,WTI!A23:B10545,2,0) -> #N/A | J23: =VLOOKUP(E23,WTI!A23:B10545,2,0) -> 29.95 | K23: =VLOOKUP(F23,WTI!A23:B10545,2,0) -> 29.57 | L23: =IFERROR(LN(H23/G23),IFERROR(LN(I23/G23),IFERROR(LN(J23/G23),IFERROR(LN(K23/G23),"")))) -> -0.0013346682 | N23: -0.14 | P23: =IF(L23="",0,L23) -> -0.0013346682 | R23: =IF(N23="",0,N23) -> -0.14
A24: 37926 | B24: 37939 | C24: =IF(B24="","",B24+1) -> 37940 | D24: =IF(B24="","",B24+2) -> 37941 | E24: =IF(B24="","",B24+3) -> 37942 | F24: =IF(B24="","",B24+4) -> 37943 | G24: =VLOOKUP(B24,WTI!A24:B10546,2,0) -> 32.31 | H24: =VLOOKUP(C24,WTI!A24:B10546,2,0) -> #N/A | I24: =VLOOKUP(D24,WTI!A24:B10546,2,0) -> #N/A | J24: =VLOOKUP(E24,WTI!A24:B10546,2,0) -> 31.75 | K24: =VLOOKUP(F24,WTI!A24:B10546,2,0) -> 33.16 | L24: =IFERROR(LN(H24/G24),IFERROR(LN(I24/G24),IFERROR(LN(J24/G24),IFERROR(LN(K24/G24),"")))) -> -0.017484054 | N24: 0.49 | P24: =IF(L24="",0,L24) -> -0.017484054 | R24: =IF(N24="",0,N24) -> 0.49
A25: 37956 | B25: 37974 | C25: =IF(B25="","",B25+1) -> 37975 | D25: =IF(B25="","",B25+2) -> 37976 | E25: =IF(B25="","",B25+3) -> 37977 | F25: =IF(B25="","",B25+4) -> 37978 | G25: =VLOOKUP(B25,WTI!A25:B10547,2,0) -> 32.81 | H25: =VLOOKUP(C25,WTI!A25:B10547,2,0) -> #N/A | I25: =VLOOKUP(D25,WTI!A25:B10547,2,0) -> #N/A | J25: =VLOOKUP(E25,WTI!A25:B10547,2,0) -> 31.71 | K25: =VLOOKUP(F25,WTI!A25:B10547,2,0) -> 32.03 | L25: =IFERROR(LN(H25/G25),IFERROR(LN(I25/G25),IFERROR(LN(J25/G25),IFERROR(LN(K25/G25),"")))) -> -0.034101258 | N25: 0.18 | P25: =IF(L25="",0,L25) -> -0.034101258 | R25: =IF(N25="",0,N25) -> 0.18
A26: 37987 | B26: 38009 | C26: =IF(B26="","",B26+1) -> 38010 | D26: =IF(B26="","",B26+2) -> 38011 | E26: =IF(B26="","",B26+3) -> 38012 | F26: =IF(B26="","",B26+4) -> 38013 | G26: =VLOOKUP(B26,WTI!A26:B10548,2,0) -> 34.94 | H26: =VLOOKUP(C26,WTI!A26:B10548,2,0) -> #N/A | I26: =VLOOKUP(D26,WTI!A26:B10548,2,0) -> #N/A | J26: =VLOOKUP(E26,WTI!A26:B10548,2,0) -> 34.41 | K26: =VLOOKUP(F26,WTI!A26:B10548,2,0) -> 33.99 | L26: =IFERROR(LN(H26/G26),IFERROR(LN(I26/G26),IFERROR(LN(J26/G26),IFERROR(LN(K26/G26),"")))) -> -0.015285085 | N26: -0.09 | P26: =IF(L26="",0,L26) -> -0.015285085 | R26: =IF(N26="",0,N26) -> -0.09
... A77: 39539 | B77: 39563 | C77: =IF(B77="","",B77+1) -> 39564 | D77: =IF(B77="","",B77+2) -> 39565 | E77: =IF(B77="","",B77+3) -> 39566 | F77: =IF(B77="","",B77+4) -> 39567 | G77: =VLOOKUP(B77,WTI!A77:B10599,2,0) -> 119.64 | H77: =VLOOKUP(C77,WTI!A77:B10599,2,0) -> #N/A | I77: =VLOOKUP(D77,WTI!A77:B10599,2,0) -> #N/A | J77: =VLOOKUP(E77,WTI!A77:B10599,2,0) -> 118.78 | K77: =VLOOKUP(F77,WTI!A77:B10599,2,0) -> 115.67 | L77: =IFERROR(LN(H77/G77),IFERROR(LN(I77/G77),IFERROR(LN(J77/G77),IFERROR(LN(K77/G77),"")))) -> -0.0072141912 | N77: 5.53 | P77: =IF(L77="",0,L77) -> -0.0072141912 | R77: =IF(N77="",0,N77) -> 5.53
A78: 39569 | B78: 39591 | C78: =IF(B78="","",B78+1) -> 39592 | D78: =IF(B78="","",B78+2) -> 39593 | E78: =IF(B78="","",B78+3) -> 39594 | F78: =IF(B78="","",B78+4) -> 39595 | G78: =VLOOKUP(B78,WTI!A78:B10600,2,0) -> 131.58 | H78: =VLOOKUP(C78,WTI!A78:B10600,2,0) -> #N/A | I78: =VLOOKUP(D78,WTI!A78:B10600,2,0) -> #N/A | J78: =VLOOKUP(E78,WTI!A78:B10600,2,0) -> 131.58 | K78: =VLOOKUP(F78,WTI!A78:B10600,2,0) -> 128.81 | L78: =IFERROR(LN(H78/G78),IFERROR(LN(I78/G78),IFERROR(LN(J78/G78),IFERROR(LN(K78/G78),"")))) -> 0 | M78: -0.0035654222 | N78: -5.53 | P78: =IF(L78="",0,L78) -> 0 | Q78: =IF(M78="",0,M78) -> -0.0035654222 | R78: =IF(N78="",0,N78) -> -5.53
A79: 39600 | B79: 39619 | C79: =IF(B79="","",B79+1) -> 39620 | D79: =IF(B79="","",B79+2) -> 39621 | E79: =IF(B79="","",B79+3) -> 39622 | F79: =IF(B79="","",B79+4) -> 39623 | G79: =VLOOKUP(B79,WTI!A79:B10601,2,0) -> 134.78 | H79: =VLOOKUP(C79,WTI!A79:B10601,2,0) -> #N/A | I79: =VLOOKUP(D79,WTI!A79:B10601,2,0) -> #N/A | J79: =VLOOKUP(E79,WTI!A79:B10601,2,0) -> 135.98 | K79: =VLOOKUP(F79,WTI!A79:B10601,2,0) -> 136.49 | L79: =IFERROR(LN(H79/G79),IFERROR(LN(I79/G79),IFERROR(LN(J79/G79),IFERROR(LN(K79/G79),"")))) -> 0.0088639966 | M79: -0.00014595496 | N79: -5.45 | P79: =IF(L79="",0,L79) -> 0.0088639966 | Q79: =IF(M79="",0,M79) -> -0.00014595496 | R79: =IF(N79="",0,N79) -> -5.45
A80: 39630 | B80: 39654 | C80: =IF(B80="","",B80+1) -> 39655 | D80: =IF(B80="","",B80+2) -> 39656 | E80: =IF(B80="","",B80+3) -> 39657 | F80: =IF(B80="","",B80+4) -> 39658 | G80: =VLOOKUP(B80,WTI!A80:B10602,2,0) -> 122.59 | H80: =VLOOKUP(C80,WTI!A80:B10602,2,0) -> #N/A | I80: =VLOOKUP(D80,WTI!A80:B10602,2,0) -> #N/A | J80: =VLOOKUP(E80,WTI!A80:B10602,2,0) -> 124.72 | K80: =VLOOKUP(F80,WTI!A80:B10602,2,0) -> 122.21 | L80: =IFERROR(LN(H80/G80),IFERROR(LN(I80/G80),IFERROR(LN(J80/G80),IFERROR(LN(K80/G80),"")))) -> 0.017225771 | M80: -0.011485516 | N80: 5.12 | P80: =IF(L80="",0,L80) -> 0.017225771 | Q80: =IF(M80="",0,M80) -> -0.011485516 | R80: =IF(N80="",0,N80) -> 5.12
A81: 39661 | B81: 39675 | C81: =IF(B81="","",B81+1) -> 39676 | D81: =IF(B81="","",B81+2) -> 39677 | E81: =IF(B81="","",B81+3) -> 39678 | F81: =IF(B81="","",B81+4) -> 39679 | G81: =VLOOKUP(B81,WTI!A81:B10603,2,0) -> 113.46 | H81: =VLOOKUP(C81,WTI!A81:B10603,2,0) -> #N/A | I81: =VLOOKUP(D81,WTI!A81:B10603,2,0) -> #N/A | J81: =VLOOKUP(E81,WTI!A81:B10603,2,0) -> 112.92 | K81: =VLOOKUP(F81,WTI!A81:B10603,2,0) -> 114.39 | L81: =IFERROR(LN(H81/G81),IFERROR(LN(I81/G81),IFERROR(LN(J81/G81),IFERROR(LN(K81/G81),"")))) -> -0.0047707485 | M81: -0.0041147084 | N81: -0.06 | P81: =IF(L81="",0,L81) -> -0.0047707485 | Q81: =IF(M81="",0,M81) -> -0.0041147084 | R81: =IF(N81="",0,N81) -> -0.06
A82: 39692 | B82: 39710 | C82: =IF(B82="","",B82+1) -> 39711 | D82: =IF(B82="","",B82+2) -> 39712 | E82: =IF(B82="","",B82+3) -> 39713 | F82: =IF(B82="","",B82+4) -> 39714 | G82: =VLOOKUP(B82,WTI!A82:B10604,2,0) -> 104.05 | H82: =VLOOKUP(C82,WTI!A82:B10604,2,0) -> #N/A | I82: =VLOOKUP(D82,WTI!A82:B10604,2,0) -> #N/A | J82: =VLOOKUP(E82,WTI!A82:B10604,2,0) -> 122.61 | K82: =VLOOKUP(F82,WTI!A82:B10604,2,0) -> 107.85 | L82: =IFERROR(LN(H82/G82),IFERROR(LN(I82/G82),IFERROR(LN(J82/G82),IFERROR(LN(K82/G82),"")))) -> 0.16413703 | M82: -0.0020831965 | N82: 0.39 | P82: =IF(L82="",0,L82) -> 0.16413703 | Q82: =IF(M82="",0,M82) -> -0.0020831965 | R82: =IF(N82="",0,N82) -> 0.39
A83: 39722 | B83: 39745 | C83: =IF(B83="","",B83+1) -> 39746 | D83: =IF(B83="","",B83+2) -> 39747 | E83: =IF(B83="","",B83+3) -> 39748 | F83: =IF(B83="","",B83+4) -> 39749 | G83: =VLOOKUP(B83,WTI!A83:B10605,2,0) -> 63.34 | H83: =VLOOKUP(C83,WTI!A83:B10605,2,0) -> #N/A | I83: =VLOOKUP(D83,WTI!A83:B10605,2,0) -> #N/A | J83: =VLOOKUP(E83,WTI!A83:B10605,2,0) -> 61.92 | K83: =VLOOKUP(F83,WTI!A83:B10605,2,0) -> 62.8 | L83: =IFERROR(LN(H83/G83),IFERROR(LN(I83/G83),IFERROR(LN(J83/G83),IFERROR(LN(K83/G83),"")))) -> -0.022673812 | M83: -0.028611729 | N83: -6.16 | P83: =IF(L83="",0,L83) -> -0.022673812 | Q83: =IF(M83="",0,M83) -> -0.028611729 | R83: =IF(N83="",0,N83) -> -6.16
A84: 39753 | B84: 39773 | C84: =IF(B84="","",B84+1) -> 39774 | D84: =IF(B84="","",B84+2) -> 39775 | E84: =IF(B84="","",B84+3) -> 39776 | F84: =IF(B84="","",B84+4) -> 39777 | G84: =VLOOKUP(B84,WTI!A84:B10606,2,0) -> 49.22 | H84: =VLOOKUP(C84,WTI!A84:B10606,2,0) -> #N/A | I84: =VLOOKUP(D84,WTI!A84:B10606,2,0) -> #N/A | J84: =VLOOKUP(E84,WTI!A84:B10606,2,0) -> 53.63 | K84: =VLOOKUP(F84,WTI!A84:B10606,2,0) -> 50.02 | L84: =IFERROR(LN(H84/G84),IFERROR(LN(I84/G84),IFERROR(LN(J84/G84),IFERROR(LN(K84/G84),"")))) -> 0.085808568 | M84: 0.032113426 | N84: -4.78 | P84: =IF(L84="",0,L84) -> 0.085808568 | Q84: =IF(M84="",0,M84) -> 0.032113426 | R84: =IF(N84="",0,N84) -> -4.78
A85: 39783 | B85: 39801 | C85: =IF(B85="","",B85+1) -> 39802 | D85: =IF(B85="","",B85+2) -> 39803 | E85: =IF(B85="","",B85+3) -> 39804 | F85: =IF(B85="","",B85+4) -> 39805 | G85: =VLOOKUP(B85,WTI!A85:B10607,2,0) -> 33.17 | H85: =VLOOKUP(C85,WTI!A85:B10607,2,0) -> #N/A | I85: =VLOOKUP(D85,WTI!A85:B10607,2,0) -> #N/A | J85: =VLOOKUP(E85,WTI!A85:B10607,2,0) -> 31.1 | K85: =VLOOKUP(F85,WTI!A85:B10607,2,0) -> 30.28 | L85: =IFERROR(LN(H85/G85),IFERROR(LN(I85/G85),IFERROR(LN(J85/G85),IFERROR(LN(K85/G85),"")))) -> -0.064438034 | M85: 0.0023950148 | N85: 4.09 | P85: =IF(L85="",0,L85) -> -0.064438034 | Q85: =IF(M85="",0,M85) -> 0.0023950148 | R85: =IF(N85="",0,N85) -> 4.09
A86: 39814 | B86: 39843 | C86: =IF(B86="","",B86+1) -> 39844 | D86: =IF(B86="","",B86+2) -> 39845 | E86: =IF(B86="","",B86+3) -> 39846 | F86: =IF(B86="","",B86+4) -> 39847 | G86: =VLOOKUP(B86,WTI!A86:B10608,2,0) -> 41.73 | H86: =VLOOKUP(C86,WTI!A86:B10608,2,0) -> #N/A | I86: =VLOOKUP(D86,WTI!A86:B10608,2,0) -> #N/A | J86: =VLOOKUP(E86,WTI!A86:B10608,2,0) -> 41.35 | K86: =VLOOKUP(F86,WTI!A86:B10608,2,0) -> 40.87 | L86: =IFERROR(LN(H86/G86),IFERROR(LN(I86/G86),IFERROR(LN(J86/G86),IFERROR(LN(K86/G86),"")))) -> -0.0091478731 | M86: -0.0094721743 | N86: -3.36 | P86: =IF(L86="",0,L86) -> -0.0091478731 | Q86: =IF(M86="",0,M86) -> -0.0094721743 | R86: =IF(N86="",0,N86) -> -3.36
A87: 39845 | B87: 39871 | C87: =IF(B87="","",B87+1) -> 39872 | D87: =IF(B87="","",B87+2) -> 39873 | E87: =IF(B87="","",B87+3) -> 39874 | F87: =IF(B87="","",B87+4) -> 39875 | G87: =VLOOKUP(B87,WTI!A87:B10609,2,0) -> 44.15 | H87: =VLOOKUP(C87,WTI!A87:B10609,2,0) -> #N/A | I87: =VLOOKUP(D87,WTI!A87:B10609,2,0) -> #N/A | J87: =VLOOKUP(E87,WTI!A87:B10609,2,0) -> 40.07 | K87: =VLOOKUP(F87,WTI!A87:B10609,2,0) -> 41.57 | L87: =IFERROR(LN(H87/G87),IFERROR(LN(I87/G87),IFERROR(LN(J87/G87),IFERROR(LN(K87/G87),"")))) -> -0.096965002 | M87: -0.02400196 | N87: -0.14 | P87: =IF(L87="",0,L87) -> -0.096965002 | Q87: =IF(M87="",0,M87) -> -0.02400196 | R87: =IF(N87="",0,N87) -> -0.14
A88: 39873 | B88: 39892 | C88: =IF(B88="","",B88+1) -> 39893 | D88: =IF(B88="","",B88+2) -> 39894 | E88: =IF(B88="","",B88+3) -> 39895 | F88: =IF(B88="","",B88+4) -> 39896 | G88: =VLOOKUP(B88,WTI!A88:B10610,2,0) -> 51.55 | H88: =VLOOKUP(C88,WTI!A88:B10610,2,0) -> #N/A | I88: =VLOOKUP(D88,WTI!A88:B10610,2,0) -> #N/A | J88: =VLOOKUP(E88,WTI!A88:B10610,2,0) -> 53.05 | K88: =VLOOKUP(F88,WTI!A88:B10610,2,0) -> 53.36 | L88: =IFERROR(LN(H88/G88),IFERROR(LN(I88/G88),IFERROR(LN(J88/G88),IFERROR(LN(K88/G88),"")))) -> 0.028682655 | M88: 0.012434073 | N88: -0.13 | P88: =IF(L88="",0,L88) -> 0.028682655 | Q88: =IF(M88="",0,M88) -> 0.012434073 | R88: =IF(N88="",0,N88) -> -0.13
A89: 39904 | B89: 39933 | C89: =IF(B89="","",B89+1) -> 39934 | D89: =IF(B89="","",B89+2) -> 39935 | E89: =IF(B89="","",B89+3) -> 39936 | F89: =IF(B89="","",B89+4) -> 39937 | G89: =VLOOKUP(B89,WTI!A89:B10611,2,0) -> 50.35 | H89: =VLOOKUP(C89,WTI!A89:B10611,2,0) -> 52.18 | I89: =VLOOKUP(D89,WTI!A89:B10611,2,0) -> #N/A | J89: =VLOOKUP(E89,WTI!A89:B10611,2,0) -> #N/A | K89: =VLOOKUP(F89,WTI!A89:B10611,2,0) -> 54.45 | L89: =IFERROR(LN(H89/G89),IFERROR(LN(I89/G89),IFERROR(LN(J89/G89),IFERROR(LN(K89/G89),"")))) -> 0.035700661 | M89: 0.016938557 | N89: -0.54 | P89: =IF(L89="",0,L89) -> 0.035700661 | Q89: =IF(M89="",0,M89) -> 0.016938557 | R89: =IF(N89="",0,N89) -> -0.54
... A143: 41548 | B143: 41572 | C143: =IF(B143="","",B143+1) -> 41573 | D143: =IF(B143="","",B143+2) -> 41574 | E143: =IF(B143="","",B143+3) -> 41575 | F143: =IF(B143="","",B143+4) -> 41576 | G143: =VLOOKUP(B143,WTI!A143:B10665,2,0) -> 97.4 | H143: =VLOOKUP(C143,WTI!A143:B10665,2,0) -> #N/A | I143: =VLOOKUP(D143,WTI!A143:B10665,2,0) -> #N/A | J143: =VLOOKUP(E143,WTI!A143:B10665,2,0) -> 98.74 | K143: =VLOOKUP(F143,WTI!A143:B10665,2,0) -> 98.29 | L143: =IFERROR(LN(H143/G143),IFERROR(LN(I143/G143),IFERROR(LN(J143/G143),IFERROR(LN(K143/G143),"")))) -> 0.013663922 | M143: -0.0060390345 | N143: 0.03 | P143: =IF(L143="",0,L143) -> 0.013663922 | Q143: =IF(M143="",0,M143) -> -0.0060390345 | R143: =IF(N143="",0,N143) -> 0.03
A144: 41579 | C144: =IF(B144="","",B144+1) | D144: =IF(B144="","",B144+2) | E144: =IF(B144="","",B144+3) | F144: =IF(B144="","",B144+4) | G144: =VLOOKUP(B144,WTI!A144:B10666,2,0) -> #N/A | H144: =VLOOKUP(C144,WTI!A144:B10666,2,0) -> #N/A | I144: =VLOOKUP(D144,WTI!A144:B10666,2,0) -> #N/A | J144: =VLOOKUP(E144,WTI!A144:B10666,2,0) -> #N/A | K144: =VLOOKUP(F144,WTI!A144:B10666,2,0) -> #N/A | L144: =IFERROR(LN(H144/G144),IFERROR(LN(I144/G144),IFERROR(LN(J144/G144),IFERROR(LN(K144/G144),"")))) | P144: =IF(L144="",0,L144) -> 0 | Q144: =IF(M144="",0,M144) -> 0 | R144: =IF(N144="",0,N144) -> 0
A145: 41609 | B145: 41628 | C145: =IF(B145="","",B145+1) -> 41629 | D145: =IF(B145="","",B145+2) -> 41630 | E145: =IF(B145="","",B145+3) -> 41631 | F145: =IF(B145="","",B145+4) -> 41632 | G145: =VLOOKUP(B145,WTI!A145:B10667,2,0) -> 99.11 | H145: =VLOOKUP(C145,WTI!A145:B10667,2,0) -> #N/A | I145: =VLOOKUP(D145,WTI!A145:B10667,2,0) -> #N/A | J145: =VLOOKUP(E145,WTI!A145:B10667,2,0) -> 98.62 | K145: =VLOOKUP(F145,WTI!A145:B10667,2,0) -> 98.87 | L145: =IFERROR(LN(H145/G145),IFERROR(LN(I145/G145),IFERROR(LN(J145/G145),IFERROR(LN(K145/G145),"")))) -> -0.0049562636 | M145: -0.017216473 | N145: 0.04 | P145: =IF(L145="",0,L145) -> -0.0049562636 | Q145: =IF(M145="",0,M145) -> -0.017216473 | R145: =IF(N145="",0,N145) -> 0.04
A146: 41640 | B146: 41670 | C146: =IF(B146="","",B146+1) -> 41671 | D146: =IF(B146="","",B146+2) -> 41672 | E146: =IF(B146="","",B146+3) -> 41673 | F146: =IF(B146="","",B146+4) -> 41674 | G146: =VLOOKUP(B146,WTI!A146:B10668,2,0) -> 97.55 | H146: =VLOOKUP(C146,WTI!A146:B10668,2,0) -> #N/A | I146: =VLOOKUP(D146,WTI!A146:B10668,2,0) -> #N/A | J146: =VLOOKUP(E146,WTI!A146:B10668,2,0) -> 96.44 | K146: =VLOOKUP(F146,WTI!A146:B10668,2,0) -> 97.24 | L146: =IFERROR(LN(H146/G146),IFERROR(LN(I146/G146),IFERROR(LN(J146/G146),IFERROR(LN(K146/G146),"")))) -> -0.011444014 | M146: -0.0078938731 | N146: 0.07 | P146: =IF(L146="",0,L146) -> -0.011444014 | Q146: =IF(M146="",0,M146) -> -0.0078938731 | R146: =IF(N146="",0,N146) -> 0.07
A147: 41671 | B147: 41698 | C147: =IF(B147="","",B147+1) -> 41699 | D147: =IF(B147="","",B147+2) -> 41700 | E147: =IF(B147="","",B147+3) -> 41701 | F147: =IF(B147="","",B147+4) -> 41702 | G147: =VLOOKUP(B147,WTI!A147:B10669,2,0) -> 102.88 | H147: =VLOOKUP(C147,WTI!A147:B10669,2,0) -> #N/A | I147: =VLOOKUP(D147,WTI!A147:B10669,2,0) -> #N/A | J147: =VLOOKUP(E147,WTI!A147:B10669,2,0) -> 105.34 | K147: =VLOOKUP(F147,WTI!A147:B10669,2,0) -> 103.64 | L147: =IFERROR(LN(H147/G147),IFERROR(LN(I147/G147),IFERROR(LN(J147/G147),IFERROR(LN(K147/G147),"")))) -> 0.023629954 | M147: -0.010995697 | N147: -0.02 | P147: =IF(L147="",0,L147) -> 0.023629954 | Q147: =IF(M147="",0,M147) -> -0.010995697 | R147: =IF(N147="",0,N147) -> -0.02
A148: 41699 | B148: 41719 | C148: =IF(B148="","",B148+1) -> 41720 | D148: =IF(B148="","",B148+2) -> 41721 | E148: =IF(B148="","",B148+3) -> 41722 | F148: =IF(B148="","",B148+4) -> 41723 | G148: =VLOOKUP(B148,WTI!A148:B10670,2,0) -> 99.97 | H148: =VLOOKUP(C148,WTI!A148:B10670,2,0) -> #N/A | I148: =VLOOKUP(D148,WTI!A148:B10670,2,0) -> #N/A | J148: =VLOOKUP(E148,WTI!A148:B10670,2,0) -> 100.05 | K148: =VLOOKUP(F148,WTI!A148:B10670,2,0) -> 99.66 | L148: =IFERROR(LN(H148/G148),IFERROR(LN(I148/G148),IFERROR(LN(J148/G148),IFERROR(LN(K148/G148),"")))) -> 0.00079992005 | M148: 0.019138427 | N148: 4.4408921e-16 | P148: =IF(L148="",0,L148) -> 0.00079992005 | Q148: =IF(M148="",0,M148) -> 0.019138427 | R148: =IF(N148="",0,N148) -> 4.4408921e-16
A149: 41730 | B149: 41754 | C149: =IF(B149="","",B149+1) -> 41755 | D149: =IF(B149="","",B149+2) -> 41756 | E149: =IF(B149="","",B149+3) -> 41757 | F149: =IF(B149="","",B149+4) -> 41758 | G149: =VLOOKUP(B149,WTI!A149:B10671,2,0) -> 100.85 | H149: =VLOOKUP(C149,WTI!A149:B10671,2,0) -> #N/A | I149: =VLOOKUP(D149,WTI!A149:B10671,2,0) -> #N/A | J149: =VLOOKUP(E149,WTI!A149:B10671,2,0) -> 101.13 | K149: =VLOOKUP(F149,WTI!A149:B10671,2,0) -> 101.56 | L149: =IFERROR(LN(H149/G149),IFERROR(LN(I149/G149),IFERROR(LN(J149/G149),IFERROR(LN(K149/G149),"")))) -> 0.0027725535 | M149: 0.00038982081 | N149: -0.05 | P149: =IF(L149="",0,L149) -> 0.0027725535 | Q149: =IF(M149="",0,M149) -> 0.00038982081 | R149: =IF(N149="",0,N149) -> -0.05
A150: 41760 | B150: 41789 | C150: =IF(B150="","",B150+1) -> 41790 | D150: =IF(B150="","",B150+2) -> 41791 | E150: =IF(B150="","",B150+3) -> 41792 | F150: =IF(B150="","",B150+4) -> 41793 | G150: =VLOOKUP(B150,WTI!A150:B10672,2,0) -> 103.4 | H150: =VLOOKUP(C150,WTI!A150:B10672,2,0) -> #N/A | I150: =VLOOKUP(D150,WTI!A150:B10672,2,0) -> #N/A | J150: =VLOOKUP(E150,WTI!A150:B10672,2,0) -> 103.07 | K150: =VLOOKUP(F150,WTI!A150:B10672,2,0) -> 103.34 | L150: =IFERROR(LN(H150/G150),IFERROR(LN(I150/G150),IFERROR(LN(J150/G150),IFERROR(LN(K150/G150),"")))) -> -0.003196593 | M150: 0.011935361 | N150: 0.18 | P150: =IF(L150="",0,L150) -> -0.003196593 | Q150: =IF(M150="",0,M150) -> 0.011935361 | R150: =IF(N150="",0,N150) -> 0.18
A151: 41791 | B151: 41810 | C151: =IF(B151="","",B151+1) -> 41811 | D151: =IF(B151="","",B151+2) -> 41812 | E151: =IF(B151="","",B151+3) -> 41813 | F151: =IF(B151="","",B151+4) -> 41814 | G151: =VLOOKUP(B151,WTI!A151:B10673,2,0) -> 107.95 | H151: =VLOOKUP(C151,WTI!A151:B10673,2,0) -> #N/A | I151: =VLOOKUP(D151,WTI!A151:B10673,2,0) -> #N/A | J151: =VLOOKUP(E151,WTI!A151:B10673,2,0) -> 106.83 | K151: =VLOOKUP(F151,WTI!A151:B10673,2,0) -> 106.64 | L151: =IFERROR(LN(H151/G151),IFERROR(LN(I151/G151),IFERROR(LN(J151/G151),IFERROR(LN(K151/G151),"")))) -> -0.010429371 | M151: -0.00082926678 | N151: -0.08 | P151: =IF(L151="",0,L151) -> -0.010429371 | Q151: =IF(M151="",0,M151) -> -0.00082926678 | R151: =IF(N151="",0,N151) -> -0.08
A152: 41821 | B152: 41851 | C152: =IF(B152="","",B152+1) -> 41852 | D152: =IF(B152="","",B152+2) -> 41853 | E152: =IF(B152="","",B152+3) -> 41854 | F152: =IF(B152="","",B152+4) -> 41855 | G152: =VLOOKUP(B152,WTI!A152:B10674,2,0) -> 98.23 | H152: =VLOOKUP(C152,WTI!A152:B10674,2,0) -> 97.86 | I152: =VLOOKUP(D152,WTI!A152:B10674,2,0) -> #N/A | J152: =VLOOKUP(E152,WTI!A152:B10674,2,0) -> #N/A | K152: =VLOOKUP(F152,WTI!A152:B10674,2,0) -> 98.26 | L152: =IFERROR(LN(H152/G152),IFERROR(LN(I152/G152),IFERROR(LN(J152/G152),IFERROR(LN(K152/G152),"")))) -> -0.0037737818 | M152: -0.0009032811 | N152: 0.17 | P152: =IF(L152="",0,L152) -> -0.0037737818 | Q152: =IF(M152="",0,M152) -> -0.0009032811 | R152: =IF(N152="",0,N152) -> 0.17
A153: 41852 | B153: 41880 | C153: =IF(B153="","",B153+1) -> 41881 | D153: =IF(B153="","",B153+2) -> 41882 | E153: =IF(B153="","",B153+3) -> 41883 | F153: =IF(B153="","",B153+4) -> 41884 | G153: =VLOOKUP(B153,WTI!A153:B10675,2,0) -> 97.86 | H153: =VLOOKUP(C153,WTI!A153:B10675,2,0) -> #N/A | I153: =VLOOKUP(D153,WTI!A153:B10675,2,0) -> #N/A | J153: =VLOOKUP(E153,WTI!A153:B10675,2,0) -> 97.86 | K153: =VLOOKUP(F153,WTI!A153:B10675,2,0) -> 92.92 | L153: =IFERROR(LN(H153/G153),IFERROR(LN(I153/G153),IFERROR(LN(J153/G153),IFERROR(LN(K153/G153),"")))) -> 0 | M153: 0.0031454898 | N153: -0.05 | P153: =IF(L153="",0,L153) -> 0 | Q153: =IF(M153="",0,M153) -> 0.0031454898 | R153: =IF(N153="",0,N153) -> -0.05
A154: 41883 | B154: 41908 | C154: =IF(B154="","",B154+1) -> 41909 | D154: =IF(B154="","",B154+2) -> 41910 | E154: =IF(B154="","",B154+3) -> 41911 | F154: =IF(B154="","",B154+4) -> 41912 | G154: =VLOOKUP(B154,WTI!A154:B10676,2,0) -> 95.55 | H154: =VLOOKUP(C154,WTI!A154:B10676,2,0) -> #N/A | I154: =VLOOKUP(D154,WTI!A154:B10676,2,0) -> #N/A | J154: =VLOOKUP(E154,WTI!A154:B10676,2,0) -> 94.53 | K154: =VLOOKUP(F154,WTI!A154:B10676,2,0) -> 91.17 | L154: =IFERROR(LN(H154/G154),IFERROR(LN(I154/G154),IFERROR(LN(J154/G154),IFERROR(LN(K154/G154),"")))) -> -0.010732426 | M154: 0.00028601392 | N154: 0.09 | P154: =IF(L154="",0,L154) -> -0.010732426 | Q154: =IF(M154="",0,M154) -> 0.00028601392 | R154: =IF(N154="",0,N154) -> 0.09
A155: 41913 | B155: 41942 | C155: =IF(B155="","",B155+1) -> 41943 | D155: =IF(B155="","",B155+2) -> 41944 | E155: =IF(B155="","",B155+3) -> 41945 | F155: =IF(B155="","",B155+4) -> 41946 | G155: =VLOOKUP(B155,WTI!A155:B10677,2,0) -> 81.06 | H155: =VLOOKUP(C155,WTI!A155:B10677,2,0) -> 80.53 | I155: =VLOOKUP(D155,WTI!A155:B10677,2,0) -> #N/A | J155: =VLOOKUP(E155,WTI!A155:B10677,2,0) -> #N/A | K155: =VLOOKUP(F155,WTI!A155:B10677,2,0) -> 78.77 | L155: =IFERROR(LN(H155/G155),IFERROR(LN(I155/G155),IFERROR(LN(J155/G155),IFERROR(LN(K155/G155),"")))) -> -0.0065598354 | M155: 0.0053111038 | N155: -0.33 | P155: =IF(L155="",0,L155) -> -0.0065598354 | Q155: =IF(M155="",0,M155) -> 0.0053111038 | R155: =IF(N155="",0,N155) -> -0.33
A156: 41944 | B156: 41971 | C156: =IF(B156="","",B156+1) -> 41972 | D156: =IF(B156="","",B156+2) -> 41973 | E156: =IF(B156="","",B156+3) -> 41974 | F156: =IF(B156="","",B156+4) -> 41975 | G156: =VLOOKUP(B156,WTI!A156:B10678,2,0) -> 65.94 | H156: =VLOOKUP(C156,WTI!A156:B10678,2,0) -> #N/A | I156: =VLOOKUP(D156,WTI!A156:B10678,2,0) -> #N/A | J156: =VLOOKUP(E156,WTI!A156:B10678,2,0) -> 68.98 | K156: =VLOOKUP(F156,WTI!A156:B10678,2,0) -> 66.99 | L156: =IFERROR(LN(H156/G156),IFERROR(LN(I156/G156),IFERROR(LN(J156/G156),IFERROR(LN(K156/G156),"")))) -> 0.04507137 | M156: -0.010290827 | N156: -0.02 | P156: =IF(L156="",0,L156) -> 0.04507137 | Q156: =IF(M156="",0,M156) -> -0.010290827 | R156: =IF(N156="",0,N156) -> -0.02
... A194: 43101 | B194: 43129 | C194: =IF(B194="","",B194+1) -> 43130 | D194: =IF(B194="","",B194+2) -> 43131 | E194: =IF(B194="","",B194+3) -> 43132 | F194: =IF(B194="","",B194+4) -> 43133 | G194: =VLOOKUP(B194,WTI!A194:B10716,2,0) -> 65.71 | H194: =VLOOKUP(C194,WTI!A194:B10716,2,0) -> 64.64 | I194: =VLOOKUP(D194,WTI!A194:B10716,2,0) -> 64.82 | J194: =VLOOKUP(E194,WTI!A194:B10716,2,0) -> 65.92 | K194: =VLOOKUP(F194,WTI!A194:B10716,2,0) -> 65.5 | L194: =IFERROR(LN(H194/G194),IFERROR(LN(I194/G194),IFERROR(LN(J194/G194),IFERROR(LN(K194/G194),"")))) -> -0.016417707 | M194: -0.0096939823 | N194: 0.05 | P194: =IF(L194="",0,L194) -> -0.016417707 | Q194: =IF(M194="",0,M194) -> -0.0096939823 | R194: =IF(N194="",0,N194) -> 0.05
A195: 43132 | C195: =IF(B195="","",B195+1) | D195: =IF(B195="","",B195+2) | E195: =IF(B195="","",B195+3) | F195: =IF(B195="","",B195+4) | G195: =VLOOKUP(B195,WTI!A195:B10717,2,0) -> #N/A | H195: =VLOOKUP(C195,WTI!A195:B10717,2,0) -> #N/A | I195: =VLOOKUP(D195,WTI!A195:B10717,2,0) -> #N/A | J195: =VLOOKUP(E195,WTI!A195:B10717,2,0) -> #N/A | K195: =VLOOKUP(F195,WTI!A195:B10717,2,0) -> #N/A | L195: =IFERROR(LN(H195/G195),IFERROR(LN(I195/G195),IFERROR(LN(J195/G195),IFERROR(LN(K195/G195),"")))) | P195: =IF(L195="",0,L195) -> 0 | Q195: =IF(M195="",0,M195) -> 0 | R195: =IF(N195="",0,N195) -> 0
A196: 43160 | B196: 43179 | C196: =IF(B196="","",B196+1) -> 43180 | D196: =IF(B196="","",B196+2) -> 43181 | E196: =IF(B196="","",B196+3) -> 43182 | F196: =IF(B196="","",B196+4) -> 43183 | G196: =VLOOKUP(B196,WTI!A196:B10718,2,0) -> 63.37 | H196: =VLOOKUP(C196,WTI!A196:B10718,2,0) -> 65.1 | I196: =VLOOKUP(D196,WTI!A196:B10718,2,0) -> 64.25 | J196: =VLOOKUP(E196,WTI!A196:B10718,2,0) -> 65.8 | K196: =VLOOKUP(F196,WTI!A196:B10718,2,0) -> #N/A | L196: =IFERROR(LN(H196/G196),IFERROR(LN(I196/G196),IFERROR(LN(J196/G196),IFERROR(LN(K196/G196),"")))) -> 0.026933986 | M196: 0.006169609 | N196: -0.02 | P196: =IF(L196="",0,L196) -> 0.026933986 | Q196: =IF(M196="",0,M196) -> 0.006169609 | R196: =IF(N196="",0,N196) -> -0.02
A197: 43191 | B197: 43217 | C197: =IF(B197="","",B197+1) -> 43218 | D197: =IF(B197="","",B197+2) -> 43219 | E197: =IF(B197="","",B197+3) -> 43220 | F197: =IF(B197="","",B197+4) -> 43221 | G197: =VLOOKUP(B197,WTI!A197:B10719,2,0) -> 68.11 | H197: =VLOOKUP(C197,WTI!A197:B10719,2,0) -> #N/A | I197: =VLOOKUP(D197,WTI!A197:B10719,2,0) -> #N/A | J197: =VLOOKUP(E197,WTI!A197:B10719,2,0) -> 68.56 | K197: =VLOOKUP(F197,WTI!A197:B10719,2,0) -> 67.28 | L197: =IFERROR(LN(H197/G197),IFERROR(LN(I197/G197),IFERROR(LN(J197/G197),IFERROR(LN(K197/G197),"")))) -> 0.006585229 | M197: -0.00056832515 | N197: 0.06 | P197: =IF(L197="",0,L197) -> 0.006585229 | Q197: =IF(M197="",0,M197) -> -0.00056832515 | R197: =IF(N197="",0,N197) -> 0.06
A198: 43221 | C198: =IF(B198="","",B198+1) | D198: =IF(B198="","",B198+2) | E198: =IF(B198="","",B198+3) | F198: =IF(B198="","",B198+4) | G198: =VLOOKUP(B198,WTI!A198:B10720,2,0) -> #N/A | H198: =VLOOKUP(C198,WTI!A198:B10720,2,0) -> #N/A | I198: =VLOOKUP(D198,WTI!A198:B10720,2,0) -> #N/A | J198: =VLOOKUP(E198,WTI!A198:B10720,2,0) -> #N/A | K198: =VLOOKUP(F198,WTI!A198:B10720,2,0) -> #N/A | L198: =IFERROR(LN(H198/G198),IFERROR(LN(I198/G198),IFERROR(LN(J198/G198),IFERROR(LN(K198/G198),"")))) | P198: =IF(L198="",0,L198) -> 0 | Q198: =IF(M198="",0,M198) -> 0 | R198: =IF(N198="",0,N198) -> 0
A199: 43252 | B199: 43280 | C199: =IF(B199="","",B199+1) -> 43281 | D199: =IF(B199="","",B199+2) -> 43282 | E199: =IF(B199="","",B199+3) -> 43283 | F199: =IF(B199="","",B199+4) -> 43284 | G199: =VLOOKUP(B199,WTI!A199:B10721,2,0) -> 74.13 | H199: =VLOOKUP(C199,WTI!A199:B10721,2,0) -> #N/A | I199: =VLOOKUP(D199,WTI!A199:B10721,2,0) -> #N/A | J199: =VLOOKUP(E199,WTI!A199:B10721,2,0) -> 73.89 | K199: =VLOOKUP(F199,WTI!A199:B10721,2,0) -> 74.19 | L199: =IFERROR(LN(H199/G199),IFERROR(LN(I199/G199),IFERROR(LN(J199/G199),IFERROR(LN(K199/G199),"")))) -> -0.0032428079 | M199: -0.010031056 | N199: -0.21 | P199: =IF(L199="",0,L199) -> -0.0032428079 | Q199: =IF(M199="",0,M199) -> -0.010031056 | R199: =IF(N199="",0,N199) -> -0.21
A200: 43282 | B200: 43308 | C200: =IF(B200="","",B200+1) -> 43309 | D200: =IF(B200="","",B200+2) -> 43310 | E200: =IF(B200="","",B200+3) -> 43311 | F200: =IF(B200="","",B200+4) -> 43312 | G200: =VLOOKUP(B200,WTI!A200:B10722,2,0) -> 68.66 | H200: =VLOOKUP(C200,WTI!A200:B10722,2,0) -> #N/A | I200: =VLOOKUP(D200,WTI!A200:B10722,2,0) -> #N/A | J200: =VLOOKUP(E200,WTI!A200:B10722,2,0) -> 71.19 | K200: =VLOOKUP(F200,WTI!A200:B10722,2,0) -> 69.88 | L200: =IFERROR(LN(H200/G200),IFERROR(LN(I200/G200),IFERROR(LN(J200/G200),IFERROR(LN(K200/G200),"")))) -> 0.036185571 | M200: 0.0077814844 | N200: -0.29 | P200: =IF(L200="",0,L200) -> 0.036185571 | Q200: =IF(M200="",0,M200) -> 0.0077814844 | R200: =IF(N200="",0,N200) -> -0.29
A201: 43313 | C201: =IF(B201="","",B201+1) | D201: =IF(B201="","",B201+2) | E201: =IF(B201="","",B201+3) | F201: =IF(B201="","",B201+4) | G201: =VLOOKUP(B201,WTI!A201:B10723,2,0) -> #N/A | H201: =VLOOKUP(C201,WTI!A201:B10723,2,0) -> #N/A | I201: =VLOOKUP(D201,WTI!A201:B10723,2,0) -> #N/A | J201: =VLOOKUP(E201,WTI!A201:B10723,2,0) -> #N/A | K201: =VLOOKUP(F201,WTI!A201:B10723,2,0) -> #N/A | L201: =IFERROR(LN(H201/G201),IFERROR(LN(I201/G201),IFERROR(LN(J201/G201),IFERROR(LN(K201/G201),"")))) | P201: =IF(L201="",0,L201) -> 0 | Q201: =IF(M201="",0,M201) -> 0 | R201: =IF(N201="",0,N201) -> 0
A202: 43344 | B202: 43371 | C202: =IF(B202="","",B202+1) -> 43372 | D202: =IF(B202="","",B202+2) -> 43373 | E202: =IF(B202="","",B202+3) -> 43374 | F202: =IF(B202="","",B202+4) -> 43375 | G202: =VLOOKUP(B202,WTI!A202:B10724,2,0) -> 73.16 | H202: =VLOOKUP(C202,WTI!A202:B10724,2,0) -> #N/A | I202: =VLOOKUP(D202,WTI!A202:B10724,2,0) -> #N/A | J202: =VLOOKUP(E202,WTI!A202:B10724,2,0) -> 75.37 | K202: =VLOOKUP(F202,WTI!A202:B10724,2,0) -> 75.16 | L202: =IFERROR(LN(H202/G202),IFERROR(LN(I202/G202),IFERROR(LN(J202/G202),IFERROR(LN(K202/G202),"")))) -> 0.029760494 | M202: 0.0045709974 | N202: 8.8817842e-16 | P202: =IF(L202="",0,L202) -> 0.029760494 | Q202: =IF(M202="",0,M202) -> 0.0045709974 | R202: =IF(N202="",0,N202) -> 8.8817842e-16
A203: 43374 | B203: 43399 | C203: =IF(B203="","",B203+1) -> 43400 | D203: =IF(B203="","",B203+2) -> 43401 | E203: =IF(B203="","",B203+3) -> 43402 | F203: =IF(B203="","",B203+4) -> 43403 | G203: =VLOOKUP(B203,WTI!A203:B10725,2,0) -> 67.58 | H203: =VLOOKUP(C203,WTI!A203:B10725,2,0) -> #N/A | I203: =VLOOKUP(D203,WTI!A203:B10725,2,0) -> #N/A | J203: =VLOOKUP(E203,WTI!A203:B10725,2,0) -> 67 | K203: =VLOOKUP(F203,WTI!A203:B10725,2,0) -> 66.18 | L203: =IFERROR(LN(H203/G203),IFERROR(LN(I203/G203),IFERROR(LN(J203/G203),IFERROR(LN(K203/G203),"")))) -> -0.0086194619 | M203: -0.0033767951 | N203: -8.8817842e-16 | P203: =IF(L203="",0,L203) -> -0.0086194619 | Q203: =IF(M203="",0,M203) -> -0.0033767951 | R203: =IF(N203="",0,N203) -> -8.8817842e-16
A204: 43405 | C204: =IF(B204="","",B204+1) | D204: =IF(B204="","",B204+2) | E204: =IF(B204="","",B204+3) | F204: =IF(B204="","",B204+4) | G204: =VLOOKUP(B204,WTI!A204:B10726,2,0) -> #N/A | H204: =VLOOKUP(C204,WTI!A204:B10726,2,0) -> #N/A | I204: =VLOOKUP(D204,WTI!A204:B10726,2,0) -> #N/A | J204: =VLOOKUP(E204,WTI!A204:B10726,2,0) -> #N/A | K204: =VLOOKUP(F204,WTI!A204:B10726,2,0) -> #N/A | L204: =IFERROR(LN(H204/G204),IFERROR(LN(I204/G204),IFERROR(LN(J204/G204),IFERROR(LN(K204/G204),"")))) | P204: =IF(L204="",0,L204) -> 0 | Q204: =IF(M204="",0,M204) -> 0 | R204: =IF(N204="",0,N204) -> 0
A205: 43435 | B205: 43455 | C205: =IF(B205="","",B205+1) -> 43456 | D205: =IF(B205="","",B205+2) -> 43457 | E205: =IF(B205="","",B205+3) -> 43458 | F205: =IF(B205="","",B205+4) -> 43459 | G205: =VLOOKUP(B205,WTI!A205:B10727,2,0) -> 45.38 | H205: =VLOOKUP(C205,WTI!A205:B10727,2,0) -> #N/A | I205: =VLOOKUP(D205,WTI!A205:B10727,2,0) -> #N/A | J205: =VLOOKUP(E205,WTI!A205:B10727,2,0) -> 45.38 | K205: =VLOOKUP(F205,WTI!A205:B10727,2,0) -> 45.38 | L205: =IFERROR(LN(H205/G205),IFERROR(LN(I205/G205),IFERROR(LN(J205/G205),IFERROR(LN(K205/G205),"")))) -> 0 | M205: -0.0001997342 | N205: 0.8 | P205: =IF(L205="",0,L205) -> 0 | Q205: =IF(M205="",0,M205) -> -0.0001997342 | R205: =IF(N205="",0,N205) -> 0.8
A206: 43466 | B206: 43496 | C206: =IF(B206="","",B206+1) -> 43497 | D206: =IF(B206="","",B206+2) -> 43498 | E206: =IF(B206="","",B206+3) -> 43499 | F206: =IF(B206="","",B206+4) -> 43500 | G206: =VLOOKUP(B206,WTI!A206:B10728,2,0) -> 53.84 | H206: =VLOOKUP(C206,WTI!A206:B10728,2,0) -> 55.29 | I206: =VLOOKUP(D206,WTI!A206:B10728,2,0) -> #N/A | J206: =VLOOKUP(E206,WTI!A206:B10728,2,0) -> #N/A | K206: =VLOOKUP(F206,WTI!A206:B10728,2,0) -> 54.57 | L206: =IFERROR(LN(H206/G206),IFERROR(LN(I206/G206),IFERROR(LN(J206/G206),IFERROR(LN(K206/G206),"")))) -> 0.026575375 | M206: 0.010326522 | N206: 0.14 | P206: =IF(L206="",0,L206) -> 0.026575375 | Q206: =IF(M206="",0,M206) -> 0.010326522 | R206: =IF(N206="",0,N206) -> 0.14
A207: 43497 | C207: =IF(B207="","",B207+1) | D207: =IF(B207="","",B207+2) | E207: =IF(B207="","",B207+3) | F207: =IF(B207="","",B207+4) | G207: =VLOOKUP(B207,WTI!A207:B10729,2,0) -> #N/A | H207: =VLOOKUP(C207,WTI!A207:B10729,2,0) -> #N/A | I207: =VLOOKUP(D207,WTI!A207:B10729,2,0) -> #N/A | J207: =VLOOKUP(E207,WTI!A207:B10729,2,0) -> #N/A | K207: =VLOOKUP(F207,WTI!A207:B10729,2,0) -> #N/A | L207: =IFERROR(LN(H207/G207),IFERROR(LN(I207/G207),IFERROR(LN(J207/G207),IFERROR(LN(K207/G207),"")))) | P207: =IF(L207="",0,L207) -> 0 | Q207: =IF(M207="",0,M207) -> 0 | R207: =IF(N207="",0,N207) -> 0
A208: 43525 | B208: 43546 | C208: =IF(B208="","",B208+1) -> 43547 | D208: =IF(B208="","",B208+2) -> 43548 | E208: =IF(B208="","",B208+3) -> 43549 | F208: =IF(B208="","",B208+4) -> 43550 | G208: =VLOOKUP(B208,WTI!A208:B10730,2,0) -> 58.87 | H208: =VLOOKUP(C208,WTI!A208:B10730,2,0) -> #N/A | I208: =VLOOKUP(D208,WTI!A208:B10730,2,0) -> #N/A | J208: =VLOOKUP(E208,WTI!A208:B10730,2,0) -> 58.71 | K208: =VLOOKUP(F208,WTI!A208:B10730,2,0) -> 59.87 | L208: =IFERROR(LN(H208/G208),IFERROR(LN(I208/G208),IFERROR(LN(J208/G208),IFERROR(LN(K208/G208),"")))) -> -0.002721553 | M208: 0.0061419197 | N208: -0.09 | P208: =IF(L208="",0,L208) -> -0.002721553 | Q208: =IF(M208="",0,M208) -> 0.0061419197 | R208: =IF(N208="",0,N208) -> -0.09
A209: 43556 | B209: 43581 | C209: =IF(B209="","",B209+1) -> 43582 | D209: =IF(B209="","",B209+2) -> 43583 | E209: =IF(B209="","",B209+3) -> 43584 | F209: =IF(B209="","",B209+4) -> 43585 | G209: =VLOOKUP(B209,WTI!A209:B10731,2,0) -> 63.29 | H209: =VLOOKUP(C209,WTI!A209:B10731,2,0) -> #N/A | I209: =VLOOKUP(D209,WTI!A209:B10731,2,0) -> #N/A | J209: =VLOOKUP(E209,WTI!A209:B10731,2,0) -> 63.39 | K209: =VLOOKUP(F209,WTI!A209:B10731,2,0) -> 63.83 | L209: =IFERROR(LN(H209/G209),IFERROR(LN(I209/G209),IFERROR(LN(J209/G209),IFERROR(LN(K209/G209),"")))) -> 0.0015787815 | M209: -0.0046234082 | N209: 0.13 | P209: =IF(L209="",0,L209) -> 0.0015787815 | Q209: =IF(M209="",0,M209) -> -0.0046234082 | R209: =IF(N209="",0,N209) -> 0.13
A210: 43586 | C210: =IF(B210="","",B210+1) | D210: =IF(B210="","",B210+2) | E210: =IF(B210="","",B210+3) | F210: =IF(B210="","",B210+4) | G210: =VLOOKUP(B210,WTI!A210:B10732,2,0) -> #N/A | H210: =VLOOKUP(C210,WTI!A210:B10732,2,0) -> #N/A | I210: =VLOOKUP(D210,WTI!A210:B10732,2,0) -> #N/A | J210: =VLOOKUP(E210,WTI!A210:B10732,2,0) -> #N/A | K210: =VLOOKUP(F210,WTI!A210:B10732,2,0) -> #N/A | L210: =IFERROR(LN(H210/G210),IFERROR(LN(I210/G210),IFERROR(LN(J210/G210),IFERROR(LN(K210/G210),"")))) | P210: =IF(L210="",0,L210) -> 0 | Q210: =IF(M210="",0,M210) -> 0 | R210: =IF(N210="",0,N210) -> 0
A211: 43617 | B211: 43637 | C211: =IF(B211="","",B211+1) -> 43638 | D211: =IF(B211="","",B211+2) -> 43639 | E211: =IF(B211="","",B211+3) -> 43640 | F211: =IF(B211="","",B211+4) -> 43641 | G211: =VLOOKUP(B211,WTI!A211:B10733,2,0) -> 57.35 | H211: =VLOOKUP(C211,WTI!A211:B10733,2,0) -> #N/A | I211: =VLOOKUP(D211,WTI!A211:B10733,2,0) -> #N/A | J211: =VLOOKUP(E211,WTI!A211:B10733,2,0) -> 57.73 | K211: =VLOOKUP(F211,WTI!A211:B10733,2,0) -> 57.63 | L211: =IFERROR(LN(H211/G211),IFERROR(LN(I211/G211),IFERROR(LN(J211/G211),IFERROR(LN(K211/G211),"")))) -> 0.0066041255 | M211: -0.0014945241 | N211: 0.09 | P211: =IF(L211="",0,L211) -> 0.0066041255 | Q211: =IF(M211="",0,M211) -> -0.0014945241 | R211: =IF(N211="",0,N211) -> 0.09
A212: 43647 | B212: 43673 | C212: =IF(B212="","",B212+1) -> 43674 | D212: =IF(B212="","",B212+2) -> 43675 | E212: =IF(B212="","",B212+3) -> 43676 | F212: =IF(B212="","",B212+4) -> 43677 | G212: =VLOOKUP(B212,WTI!A212:B10734,2,0) -> #N/A | H212: =VLOOKUP(C212,WTI!A212:B10734,2,0) -> #N/A | I212: =VLOOKUP(D212,WTI!A212:B10734,2,0) -> 56.85 | J212: =VLOOKUP(E212,WTI!A212:B10734,2,0) -> 58.04 | K212: =VLOOKUP(F212,WTI!A212:B10734,2,0) -> 58.53 | L212: =IFERROR(LN(H212/G212),IFERROR(LN(I212/G212),IFERROR(LN(J212/G212),IFERROR(LN(K212/G212),"")))) | P212: =IF(L212="",0,L212) -> 0 | Q212: =IF(M212="",0,M212) -> 0 | R212: =IF(N212="",0,N212) -> 0
A213: 43678 | C213: =IF(B213="","",B213+1) | D213: =IF(B213="","",B213+2) | E213: =IF(B213="","",B213+3) | F213: =IF(B213="","",B213+4) | G213: =VLOOKUP(B213,WTI!A213:B10735,2,0) -> #N/A | H213: =VLOOKUP(C213,WTI!A213:B10735,2,0) -> #N/A | I213: =VLOOKUP(D213,WTI!A213:B10735,2,0) -> #N/A | J213: =VLOOKUP(E213,WTI!A213:B10735,2,0) -> #N/A | K213: =VLOOKUP(F213,WTI!A213:B10735,2,0) -> #N/A | L213: =IFERROR(LN(H213/G213),IFERROR(LN(I213/G213),IFERROR(LN(J213/G213),IFERROR(LN(K213/G213),"")))) | P213: =IF(L213="",0,L213) -> 0 | Q213: =IF(M213="",0,M213) -> 0 | R213: =IF(N213="",0,N213) -> 0
A214: 43709 | B214: 43731 | C214: =IF(B214="","",B214+1) -> 43732 | D214: =IF(B214="","",B214+2) -> 43733 | E214: =IF(B214="","",B214+3) -> 43734 | F214: =IF(B214="","",B214+4) -> 43735 | G214: =VLOOKUP(B214,WTI!A214:B10736,2,0) -> 58.69 | H214: =VLOOKUP(C214,WTI!A214:B10736,2,0) -> 57.22 | I214: =VLOOKUP(D214,WTI!A214:B10736,2,0) -> 56.38 | J214: =VLOOKUP(E214,WTI!A214:B10736,2,0) -> 56.24 | K214: =VLOOKUP(F214,WTI!A214:B10736,2,0) -> 55.95 | L214: =IFERROR(LN(H214/G214),IFERROR(LN(I214/G214),IFERROR(LN(J214/G214),IFERROR(LN(K214/G214),"")))) -> -0.025365867 | M214: -0.003801475 | N214: 0.01 | P214: =IF(L214="",0,L214) -> -0.025365867 | Q214: =IF(M214="",0,M214) -> -0.003801475 | R214: =IF(N214="",0,N214) -> 0.01
A215: 43739 | B215: 43769 | C215: =IF(B215="","",B215+1) -> 43770 | D215: =IF(B215="","",B215+2) -> 43771 | E215: =IF(B215="","",B215+3) -> 43772 | F215: =IF(B215="","",B215+4) -> 43773 | G215: =VLOOKUP(B215,WTI!A215:B10737,2,0) -> 54.02 | H215: =VLOOKUP(C215,WTI!A215:B10737,2,0) -> 56.04 | I215: =VLOOKUP(D215,WTI!A215:B10737,2,0) -> #N/A | J215: =VLOOKUP(E215,WTI!A215:B10737,2,0) -> #N/A | K215: =VLOOKUP(F215,WTI!A215:B10737,2,0) -> 56.33 | L215: =IFERROR(LN(H215/G215),IFERROR(LN(I215/G215),IFERROR(LN(J215/G215),IFERROR(LN(K215/G215),"")))) -> 0.036711373 | M215: 0.0077645303 | N215: 1.27 | P215: =IF(L215="",0,L215) -> 0.036711373 | Q215: =IF(M215="",0,M215) -> 0.0077645303 | R215: =IF(N215="",0,N215) -> 1.27
A216: 43770 | C216: =IF(B216="","",B216+1) | D216: =IF(B216="","",B216+2) | E216: =IF(B216="","",B216+3) | F216: =IF(B216="","",B216+4) | G216: =VLOOKUP(B216,WTI!A216:B10738,2,0) -> #N/A | H216: =VLOOKUP(C216,WTI!A216:B10738,2,0) -> #N/A | I216: =VLOOKUP(D216,WTI!A216:B10738,2,0) -> #N/A | J216: =VLOOKUP(E216,WTI!A216:B10738,2,0) -> #N/A | K216: =VLOOKUP(F216,WTI!A216:B10738,2,0) -> #N/A | L216: =IFERROR(LN(H216/G216),IFERROR(LN(I216/G216),IFERROR(LN(J216/G216),IFERROR(LN(K216/G216),"")))) | P216: =IF(L216="",0,L216) -> 0 | Q216: =IF(M216="",0,M216) -> 0 | R216: =IF(N216="",0,N216) -> 0
A217: 43800 | B217: 43819 | C217: =IF(B217="","",B217+1) -> 43820 | D217: =IF(B217="","",B217+2) -> 43821 | E217: =IF(B217="","",B217+3) -> 43822 | F217: =IF(B217="","",B217+4) -> 43823 | G217: =VLOOKUP(B217,WTI!A217:B10739,2,0) -> 60.43 | H217: =VLOOKUP(C217,WTI!A217:B10739,2,0) -> #N/A | I217: =VLOOKUP(D217,WTI!A217:B10739,2,0) -> #N/A | J217: =VLOOKUP(E217,WTI!A217:B10739,2,0) -> 60.51 | K217: =VLOOKUP(F217,WTI!A217:B10739,2,0) -> 61.17 | L217: =IFERROR(LN(H217/G217),IFERROR(LN(I217/G217),IFERROR(LN(J217/G217),IFERROR(LN(K217/G217),"")))) -> 0.0013229703 | M217: 0.013410522 | N217: 1.03 | P217: =IF(L217="",0,L217) -> 0.0013229703 | Q217: =IF(M217="",0,M217) -> 0.013410522 | R217: =IF(N217="",0,N217) -> 1.03
A218: 43831 | B218: 43861 | C218: =IF(B218="","",B218+1) -> 43862 | D218: =IF(B218="","",B218+2) -> 43863 | E218: =IF(B218="","",B218+3) -> 43864 | F218: =IF(B218="","",B218+4) -> 43865 | G218: =VLOOKUP(B218,WTI!A218:B10740,2,0) -> 51.58 | H218: =VLOOKUP(C218,WTI!A218:B10740,2,0) -> #N/A | I218: =VLOOKUP(D218,WTI!A218:B10740,2,0) -> #N/A | J218: =VLOOKUP(E218,WTI!A218:B10740,2,0) -> 50.06 | K218: =VLOOKUP(F218,WTI!A218:B10740,2,0) -> 49.59 | L218: =IFERROR(LN(H218/G218),IFERROR(LN(I218/G218),IFERROR(LN(J218/G218),IFERROR(LN(K218/G218),"")))) -> -0.029911714 | M218: 0.00083102242 | N218: -0.19 | P218: =IF(L218="",0,L218) -> -0.029911714 | Q218: =IF(M218="",0,M218) -> 0.00083102242 | R218: =IF(N218="",0,N218) -> -0.19
A219: 43862 | C219: =IF(B219="","",B219+1) | D219: =IF(B219="","",B219+2) | E219: =IF(B219="","",B219+3) | F219: =IF(B219="","",B219+4) | G219: =VLOOKUP(B219,WTI!A219:B10741,2,0) -> #N/A | H219: =VLOOKUP(C219,WTI!A219:B10741,2,0) -> #N/A | I219: =VLOOKUP(D219,WTI!A219:B10741,2,0) -> #N/A | J219: =VLOOKUP(E219,WTI!A219:B10741,2,0) -> #N/A | K219: =VLOOKUP(F219,WTI!A219:B10741,2,0) -> #N/A | L219: =IFERROR(LN(H219/G219),IFERROR(LN(I219/G219),IFERROR(LN(J219/G219),IFERROR(LN(K219/G219),"")))) | P219: =IF(L219="",0,L219) -> 0 | Q219: =IF(M219="",0,M219) -> 0 | R219: =IF(N219="",0,N219) -> 0
A220: 43891 | B220: 43917 | C220: =IF(B220="","",B220+1) -> 43918 | D220: =IF(B220="","",B220+2) -> 43919 | E220: =IF(B220="","",B220+3) -> 43920 | F220: =IF(B220="","",B220+4) -> 43921 | G220: =VLOOKUP(B220,WTI!A220:B10742,2,0) -> 15.48 | H220: =VLOOKUP(C220,WTI!A220:B10742,2,0) -> #N/A | I220: =VLOOKUP(D220,WTI!A220:B10742,2,0) -> #N/A | J220: =VLOOKUP(E220,WTI!A220:B10742,2,0) -> 14.1 | K220: =VLOOKUP(F220,WTI!A220:B10742,2,0) -> 20.51 | L220: =IFERROR(LN(H220/G220),IFERROR(LN(I220/G220),IFERROR(LN(J220/G220),IFERROR(LN(K220/G220),"")))) -> -0.093374071 | M220: -0.016128815 | N220: 0.07 | P220: =IF(L220="",0,L220) -> -0.093374071 | Q220: =IF(M220="",0,M220) -> -0.016128815 | R220: =IF(N220="",0,N220) -> 0.07
A221: 43922 | B221: 43951 | C221: =IF(B221="","",B221+1) -> 43952 | D221: =IF(B221="","",B221+2) -> 43953 | E221: =IF(B221="","",B221+3) -> 43954 | F221: =IF(B221="","",B221+4) -> 43955 | G221: =VLOOKUP(B221,WTI!A221:B10743,2,0) -> 19.23 | H221: =VLOOKUP(C221,WTI!A221:B10743,2,0) -> 19.72 | I221: =VLOOKUP(D221,WTI!A221:B10743,2,0) -> #N/A | J221: =VLOOKUP(E221,WTI!A221:B10743,2,0) -> #N/A | K221: =VLOOKUP(F221,WTI!A221:B10743,2,0) -> 20.47 | L221: =IFERROR(LN(H221/G221),IFERROR(LN(I221/G221),IFERROR(LN(J221/G221),IFERROR(LN(K221/G221),"")))) -> 0.02516179 | M221: -0.032581737 | N221: 0.13 | P221: =IF(L221="",0,L221) -> 0.02516179 | Q221: =IF(M221="",0,M221) -> -0.032581737 | R221: =IF(N221="",0,N221) -> 0.13
A222: 43952 | B222: 43980 | C222: =IF(B222="","",B222+1) -> 43981 | D222: =IF(B222="","",B222+2) -> 43982 | E222: =IF(B222="","",B222+3) -> 43983 | F222: =IF(B222="","",B222+4) -> 43984 | G222: =VLOOKUP(B222,WTI!A222:B10744,2,0) -> 35.57 | H222: =VLOOKUP(C222,WTI!A222:B10744,2,0) -> #N/A | I222: =VLOOKUP(D222,WTI!A222:B10744,2,0) -> #N/A | J222: =VLOOKUP(E222,WTI!A222:B10744,2,0) -> 35.49 | K222: =VLOOKUP(F222,WTI!A222:B10744,2,0) -> 36.88 | L222: =IFERROR(LN(H222/G222),IFERROR(LN(I222/G222),IFERROR(LN(J222/G222),IFERROR(LN(K222/G222),"")))) -> -0.0022516193 | M222: 0.019143233 | N222: -0.15 | P222: =IF(L222="",0,L222) -> -0.0022516193 | Q222: =IF(M222="",0,M222) -> 0.019143233 | R222: =IF(N222="",0,N222) -> -0.15
A223: 43983 | B223: 44012 | C223: =IF(B223="","",B223+1) -> 44013 | D223: =IF(B223="","",B223+2) -> 44014 | E223: =IF(B223="","",B223+3) -> 44015 | F223: =IF(B223="","",B223+4) -> 44016 | G223: =VLOOKUP(B223,WTI!A223:B10745,2,0) -> 39.27 | H223: =VLOOKUP(C223,WTI!A223:B10745,2,0) -> 39.88 | I223: =VLOOKUP(D223,WTI!A223:B10745,2,0) -> 40.57 | J223: =VLOOKUP(E223,WTI!A223:B10745,2,0) -> 40.57 | K223: =VLOOKUP(F223,WTI!A223:B10745,2,0) -> #N/A | L223: =IFERROR(LN(H223/G223),IFERROR(LN(I223/G223),IFERROR(LN(J223/G223),IFERROR(LN(K223/G223),"")))) -> 0.015414077 | M223: -0.0017013926 | N223: 0.14 | P223: =IF(L223="",0,L223) -> 0.015414077 | Q223: =IF(M223="",0,M223) -> -0.0017013926 | R223: =IF(N223="",0,N223) -> 0.14
A224: 44013 | B224: 44043 | C224: =IF(B224="","",B224+1) -> 44044 | D224: =IF(B224="","",B224+2) -> 44045 | E224: =IF(B224="","",B224+3) -> 44046 | F224: =IF(B224="","",B224+4) -> 44047 | G224: =VLOOKUP(B224,WTI!A224:B10746,2,0) -> 40.1 | H224: =VLOOKUP(C224,WTI!A224:B10746,2,0) -> #N/A | I224: =VLOOKUP(D224,WTI!A224:B10746,2,0) -> #N/A | J224: =VLOOKUP(E224,WTI!A224:B10746,2,0) -> 40.83 | K224: =VLOOKUP(F224,WTI!A224:B10746,2,0) -> 41.67 | L224: =IFERROR(LN(H224/G224),IFERROR(LN(I224/G224),IFERROR(LN(J224/G224),IFERROR(LN(K224/G224),"")))) -> 0.018040771 | M224: -0.0010937446 | N224: 0.17 | P224: =IF(L224="",0,L224) -> 0.018040771 | Q224: =IF(M224="",0,M224) -> -0.0010937446 | R224: =IF(N224="",0,N224) -> 0.17
A225: 44044 | B225: 44074 | C225: =IF(B225="","",B225+1) -> 44075 | D225: =IF(B225="","",B225+2) -> 44076 | E225: =IF(B225="","",B225+3) -> 44077 | F225: =IF(B225="","",B225+4) -> 44078 | G225: =VLOOKUP(B225,WTI!A225:B10747,2,0) -> 42.61 | H225: =VLOOKUP(C225,WTI!A225:B10747,2,0) -> 42.76 | I225: =VLOOKUP(D225,WTI!A225:B10747,2,0) -> 42.76 | J225: =VLOOKUP(E225,WTI!A225:B10747,2,0) -> 41.39 | K225: =VLOOKUP(F225,WTI!A225:B10747,2,0) -> 39.69 | L225: =IFERROR(LN(H225/G225),IFERROR(LN(I225/G225),IFERROR(LN(J225/G225),IFERROR(LN(K225/G225),"")))) -> 0.0035141186 | M225: 0.032149513 | N225: 0.1 | P225: =IF(L225="",0,L225) -> 0.0035141186 | Q225: =IF(M225="",0,M225) -> 0.032149513 | R225: =IF(N225="",0,N225) -> 0.1
A226: 44075 | B226: 44099 | C226: =IF(B226="","",B226+1) -> 44100 | D226: =IF(B226="","",B226+2) -> 44101 | E226: =IF(B226="","",B226+3) -> 44102 | F226: =IF(B226="","",B226+4) -> 44103 | G226: =VLOOKUP(B226,WTI!A226:B10748,2,0) -> 40.06 | H226: =VLOOKUP(C226,WTI!A226:B10748,2,0) -> #N/A | I226: =VLOOKUP(D226,WTI!A226:B10748,2,0) -> #N/A | J226: =VLOOKUP(E226,WTI!A226:B10748,2,0) -> 40.47 | K226: =VLOOKUP(F226,WTI!A226:B10748,2,0) -> 39.03 | L226: =IFERROR(LN(H226/G226),IFERROR(LN(I226/G226),IFERROR(LN(J226/G226),IFERROR(LN(K226/G226),"")))) -> 0.010182629 | M226: 0.0045229867 | N226: -0.14 | P226: =IF(L226="",0,L226) -> 0.010182629 | Q226: =IF(M226="",0,M226) -> 0.0045229867 | R226: =IF(N226="",0,N226) -> -0.14
A227: 44105 | B227: 44134 | C227: =IF(B227="","",B227+1) -> 44135 | D227: =IF(B227="","",B227+2) -> 44136 | E227: =IF(B227="","",B227+3) -> 44137 | F227: =IF(B227="","",B227+4) -> 44138 | G227: =VLOOKUP(B227,WTI!A227:B10749,2,0) -> 35.64 | H227: =VLOOKUP(C227,WTI!A227:B10749,2,0) -> #N/A | I227: =VLOOKUP(D227,WTI!A227:B10749,2,0) -> #N/A | J227: =VLOOKUP(E227,WTI!A227:B10749,2,0) -> 36.6 | K227: =VLOOKUP(F227,WTI!A227:B10749,2,0) -> 37.44 | L227: =IFERROR(LN(H227/G227),IFERROR(LN(I227/G227),IFERROR(LN(J227/G227),IFERROR(LN(K227/G227),"")))) -> 0.026579638 | M227: 0.012779224 | N227: -0.03 | P227: =IF(L227="",0,L227) -> 0.026579638 | Q227: =IF(M227="",0,M227) -> 0.012779224 | R227: =IF(N227="",0,N227) -> -0.03
A228: 44136 | B228: 44162 | C228: =IF(B228="","",B228+1) -> 44163 | D228: =IF(B228="","",B228+2) -> 44164 | E228: =IF(B228="","",B228+3) -> 44165 | F228: =IF(B228="","",B228+4) -> 44166 | G228: =VLOOKUP(B228,WTI!A228:B10750,2,0) -> 45.58 | H228: =VLOOKUP(C228,WTI!A228:B10750,2,0) -> #N/A | I228: =VLOOKUP(D228,WTI!A228:B10750,2,0) -> #N/A | J228: =VLOOKUP(E228,WTI!A228:B10750,2,0) -> 45.2 | K228: =VLOOKUP(F228,WTI!A228:B10750,2,0) -> 44.54 | L228: =IFERROR(LN(H228/G228),IFERROR(LN(I228/G228),IFERROR(LN(J228/G228),IFERROR(LN(K228/G228),"")))) -> -0.008371937 | M228: -0.0029685624 | N228: 2.220446e-16 | P228: =IF(L228="",0,L228) -> -0.008371937 | Q228: =IF(M228="",0,M228) -> -0.0029685624 | R228: =IF(N228="",0,N228) -> 2.220446e-16
A229: 44166 | B229: 44183 | C229: =IF(B229="","",B229+1) -> 44184 | D229: =IF(B229="","",B229+2) -> 44185 | E229: =IF(B229="","",B229+3) -> 44186 | F229: =IF(B229="","",B229+4) -> 44187 | G229: =VLOOKUP(B229,WTI!A229:B10751,2,0) -> 49.04 | H229: =VLOOKUP(C229,WTI!A229:B10751,2,0) -> #N/A | I229: =VLOOKUP(D229,WTI!A229:B10751,2,0) -> #N/A | J229: =VLOOKUP(E229,WTI!A229:B10751,2,0) -> 47.79 | K229: =VLOOKUP(F229,WTI!A229:B10751,2,0) -> 47.02 | L229: =IFERROR(LN(H229/G229),IFERROR(LN(I229/G229),IFERROR(LN(J229/G229),IFERROR(LN(K229/G229),"")))) -> -0.025819879 | M229: -0.035019717 | N229: 0.13 | P229: =IF(L229="",0,L229) -> -0.025819879 | Q229: =IF(M229="",0,M229) -> -0.035019717 | R229: =IF(N229="",0,N229) -> 0.13
A230: 44197 | B230: 44225 | C230: =IF(B230="","",B230+1) -> 44226 | D230: =IF(B230="","",B230+2) -> 44227 | E230: =IF(B230="","",B230+3) -> 44228 | F230: =IF(B230="","",B230+4) -> 44229 | G230: =VLOOKUP(B230,WTI!A230:B10752,2,0) -> 52.16 | H230: =VLOOKUP(C230,WTI!A230:B10752,2,0) -> #N/A | I230: =VLOOKUP(D230,WTI!A230:B10752,2,0) -> #N/A | J230: =VLOOKUP(E230,WTI!A230:B10752,2,0) -> 53.55 | K230: =VLOOKUP(F230,WTI!A230:B10752,2,0) -> 54.77 | L230: =IFERROR(LN(H230/G230),IFERROR(LN(I230/G230),IFERROR(LN(J230/G230),IFERROR(LN(K230/G230),"")))) -> 0.026299879 | M230: 0.0066832518 | N230: 0.01 | P230: =IF(L230="",0,L230) -> 0.026299879 | Q230: =IF(M230="",0,M230) -> 0.0066832518 | R230: =IF(N230="",0,N230) -> 0.01
A231: 44228 | C231: =IF(B231="","",B231+1) | D231: =IF(B231="","",B231+2) | E231: =IF(B231="","",B231+3) | F231: =IF(B231="","",B231+4) | G231: =VLOOKUP(B231,WTI!A231:B10753,2,0) -> #N/A | H231: =VLOOKUP(C231,WTI!A231:B10753,2,0) -> #N/A | I231: =VLOOKUP(D231,WTI!A231:B10753,2,0) -> #N/A | J231: =VLOOKUP(E231,WTI!A231:B10753,2,0) -> #N/A | K231: =VLOOKUP(F231,WTI!A231:B10753,2,0) -> #N/A | L231: =IFERROR(LN(H231/G231),IFERROR(LN(I231/G231),IFERROR(LN(J231/G231),IFERROR(LN(K231/G231),"")))) | P231: =IF(L231="",0,L231) -> 0 | Q231: =IF(M231="",0,M231) -> 0 | R231: =IF(N231="",0,N231) -> 0
A232: 44256 | B232: 44281 | C232: =IF(B232="","",B232+1) -> 44282 | D232: =IF(B232="","",B232+2) -> 44283 | E232: =IF(B232="","",B232+3) -> 44284 | F232: =IF(B232="","",B232+4) -> 44285 | G232: =VLOOKUP(B232,WTI!A232:B10754,2,0) -> 60.93 | H232: =VLOOKUP(C232,WTI!A232:B10754,2,0) -> #N/A | I232: =VLOOKUP(D232,WTI!A232:B10754,2,0) -> #N/A | J232: =VLOOKUP(E232,WTI!A232:B10754,2,0) -> 61.49 | K232: =VLOOKUP(F232,WTI!A232:B10754,2,0) -> 60.55 | L232: =IFERROR(LN(H232/G232),IFERROR(LN(I232/G232),IFERROR(LN(J232/G232),IFERROR(LN(K232/G232),"")))) -> 0.0091488957 | M232: 0.004834392 | N232: 0.14 | P232: =IF(L232="",0,L232) -> 0.0091488957 | Q232: =IF(M232="",0,M232) -> 0.004834392 | R232: =IF(N232="",0,N232) -> 0.14
A233: 44287 | B233: 44316 | C233: =IF(B233="","",B233+1) -> 44317 | D233: =IF(B233="","",B233+2) -> 44318 | E233: =IF(B233="","",B233+3) -> 44319 | F233: =IF(B233="","",B233+4) -> 44320 | G233: =VLOOKUP(B233,WTI!A233:B10755,2,0) -> 63.5 | H233: =VLOOKUP(C233,WTI!A233:B10755,2,0) -> #N/A | I233: =VLOOKUP(D233,WTI!A233:B10755,2,0) -> #N/A | J233: =VLOOKUP(E233,WTI!A233:B10755,2,0) -> 64.46 | K233: =VLOOKUP(F233,WTI!A233:B10755,2,0) -> 65.72 | L233: =IFERROR(LN(H233/G233),IFERROR(LN(I233/G233),IFERROR(LN(J233/G233),IFERROR(LN(K233/G233),"")))) -> 0.01500497 | M233: -0.027586894 | N233: 0.16 | P233: =IF(L233="",0,L233) -> 0.01500497 | Q233: =IF(M233="",0,M233) -> -0.027586894 | R233: =IF(N233="",0,N233) -> 0.16
A234: 44317 | C234: =IF(B234="","",B234+1) | D234: =IF(B234="","",B234+2) | E234: =IF(B234="","",B234+3) | F234: =IF(B234="","",B234+4) | G234: =VLOOKUP(B234,WTI!A234:B10756,2,0) -> #N/A | H234: =VLOOKUP(C234,WTI!A234:B10756,2,0) -> #N/A | I234: =VLOOKUP(D234,WTI!A234:B10756,2,0) -> #N/A | J234: =VLOOKUP(E234,WTI!A234:B10756,2,0) -> #N/A | K234: =VLOOKUP(F234,WTI!A234:B10756,2,0) -> #N/A | L234: =IFERROR(LN(H234/G234),IFERROR(LN(I234/G234),IFERROR(LN(J234/G234),IFERROR(LN(K234/G234),"")))) | P234: =IF(L234="",0,L234) -> 0 | Q234: =IF(M234="",0,M234) -> 0 | R234: =IF(N234="",0,N234) -> 0
A235: 44348 | B235: 44375 | C235: =IF(B235="","",B235+1) -> 44376 | D235: =IF(B235="","",B235+2) -> 44377 | E235: =IF(B235="","",B235+3) -> 44378 | F235: =IF(B235="","",B235+4) -> 44379 | G235: =VLOOKUP(B235,WTI!A235:B10757,2,0) -> 72.98 | H235: =VLOOKUP(C235,WTI!A235:B10757,2,0) -> 73.14 | I235: =VLOOKUP(D235,WTI!A235:B10757,2,0) -> 73.52 | J235: =VLOOKUP(E235,WTI!A235:B10757,2,0) -> 75.33 | K235: =VLOOKUP(F235,WTI!A235:B10757,2,0) -> 75.37 | L235: =IFERROR(LN(H235/G235),IFERROR(LN(I235/G235),IFERROR(LN(J235/G235),IFERROR(LN(K235/G235),"")))) -> 0.0021899817 | M235: -0.010981644 | N235: 0.09 | P235: =IF(L235="",0,L235) -> 0.0021899817 | Q235: =IF(M235="",0,M235) -> -0.010981644 | R235: =IF(N235="",0,N235) -> 0.09
A236: 44378 | B236: 44407 | C236: =IF(B236="","",B236+1) -> 44408 | D236: =IF(B236="","",B236+2) -> 44409 | E236: =IF(B236="","",B236+3) -> 44410 | F236: =IF(B236="","",B236+4) -> 44411 | G236: =VLOOKUP(B236,WTI!A236:B10758,2,0) -> 73.93 | H236: =VLOOKUP(C236,WTI!A236:B10758,2,0) -> #N/A | I236: =VLOOKUP(D236,WTI!A236:B10758,2,0) -> #N/A | J236: =VLOOKUP(E236,WTI!A236:B10758,2,0) -> 71.31 | K236: =VLOOKUP(F236,WTI!A236:B10758,2,0) -> 70.64 | L236: =IFERROR(LN(H236/G236),IFERROR(LN(I236/G236),IFERROR(LN(J236/G236),IFERROR(LN(K236/G236),"")))) -> -0.03608213 | M236: -0.00056616899 | N236: 0.03 | P236: =IF(L236="",0,L236) -> -0.03608213 | Q236: =IF(M236="",0,M236) -> -0.00056616899 | R236: =IF(N236="",0,N236) -> 0.03
A237: 44409 | C237: =IF(B237="","",B237+1) | D237: =IF(B237="","",B237+2) | E237: =IF(B237="","",B237+3) | F237: =IF(B237="","",B237+4) | G237: =VLOOKUP(B237,WTI!A237:B10759,2,0) -> #N/A | H237: =VLOOKUP(C237,WTI!A237:B10759,2,0) -> #N/A | I237: =VLOOKUP(D237,WTI!A237:B10759,2,0) -> #N/A | J237: =VLOOKUP(E237,WTI!A237:B10759,2,0) -> #N/A | K237: =VLOOKUP(F237,WTI!A237:B10759,2,0) -> #N/A | L237: =IFERROR(LN(H237/G237),IFERROR(LN(I237/G237),IFERROR(LN(J237/G237),IFERROR(LN(K237/G237),"")))) | P237: =IF(L237="",0,L237) -> 0 | Q237: =IF(M237="",0,M237) -> 0 | R237: =IF(N237="",0,N237) -> 0
A238: 44440 | B238: 44469 | C238: =IF(B238="","",B238+1) -> 44470 | D238: =IF(B238="","",B238+2) -> 44471 | E238: =IF(B238="","",B238+3) -> 44472 | F238: =IF(B238="","",B238+4) -> 44473 | G238: =VLOOKUP(B238,WTI!A238:B10760,2,0) -> 75.22 | H238: =VLOOKUP(C238,WTI!A238:B10760,2,0) -> 76.01 | I238: =VLOOKUP(D238,WTI!A238:B10760,2,0) -> #N/A | J238: =VLOOKUP(E238,WTI!A238:B10760,2,0) -> #N/A | K238: =VLOOKUP(F238,WTI!A238:B10760,2,0) -> 77.68 | L238: =IFERROR(LN(H238/G238),IFERROR(LN(I238/G238),IFERROR(LN(J238/G238),IFERROR(LN(K238/G238),"")))) -> 0.010447758 | M238: 0.0060757086 | N238: 0.04 | P238: =IF(L238="",0,L238) -> 0.010447758 | Q238: =IF(M238="",0,M238) -> 0.0060757086 | R238: =IF(N238="",0,N238) -> 0.04
A239: 44470 | B239: 44498 | C239: =IF(B239="","",B239+1) -> 44499 | D239: =IF(B239="","",B239+2) -> 44500 | E239: =IF(B239="","",B239+3) -> 44501 | F239: =IF(B239="","",B239+4) -> 44502 | G239: =VLOOKUP(B239,WTI!A239:B10761,2,0) -> 83.5 | H239: =VLOOKUP(C239,WTI!A239:B10761,2,0) -> #N/A | I239: =VLOOKUP(D239,WTI!A239:B10761,2,0) -> #N/A | J239: =VLOOKUP(E239,WTI!A239:B10761,2,0) -> 84.08 | K239: =VLOOKUP(F239,WTI!A239:B10761,2,0) -> 83.91 | L239: =IFERROR(LN(H239/G239),IFERROR(LN(I239/G239),IFERROR(LN(J239/G239),IFERROR(LN(K239/G239),"")))) -> 0.0069220947 | M239: -0.0025426116 | N239: 0.16 | P239: =IF(L239="",0,L239) -> 0.0069220947 | Q239: =IF(M239="",0,M239) -> -0.0025426116 | R239: =IF(N239="",0,N239) -> 0.16
A240: 44501 | C240: =IF(B240="","",B240+1) | D240: =IF(B240="","",B240+2) | E240: =IF(B240="","",B240+3) | F240: =IF(B240="","",B240+4) | G240: =VLOOKUP(B240,WTI!A240:B10762,2,0) -> #N/A | H240: =VLOOKUP(C240,WTI!A240:B10762,2,0) -> #N/A | I240: =VLOOKUP(D240,WTI!A240:B10762,2,0) -> #N/A | J240: =VLOOKUP(E240,WTI!A240:B10762,2,0) -> #N/A | K240: =VLOOKUP(F240,WTI!A240:B10762,2,0) -> #N/A | L240: =IFERROR(LN(H240/G240),IFERROR(LN(I240/G240),IFERROR(LN(J240/G240),IFERROR(LN(K240/G240),"")))) | P240: =IF(L240="",0,L240) -> 0 | Q240: =IF(M240="",0,M240) -> 0 | R240: =IF(N240="",0,N240) -> 0
...

Sheet COLCAP
A1: Fecha | B1: Fecha | C1: Índice COLCAP
A2: yyyy/mm/dd | C2: Índice
A3: 2008/01/15 | B3: =DATE(LEFT(A3,4)*1,MID(A3,6,2)*1,RIGHT(A3,2)*1) -> 39462 | C3: 980.21
A4: 2008/01/16 | B4: =DATE(LEFT(A4,4)*1,MID(A4,6,2)*1,RIGHT(A4,2)*1) -> 39463 | C4: 958.99
A5: 2008/01/17 | B5: =DATE(LEFT(A5,4)*1,MID(A5,6,2)*1,RIGHT(A5,2)*1) -> 39464 | C5: 928.38
A6: 2008/01/18 | B6: =DATE(LEFT(A6,4)*1,MID(A6,6,2)*1,RIGHT(A6,2)*1) -> 39465 | C6: 903.49
A7: 2008/01/21 | B7: =DATE(LEFT(A7,4)*1,MID(A7,6,2)*1,RIGHT(A7,2)*1) -> 39468 | C7: 832.37
A8: 2008/01/22 | B8: =DATE(LEFT(A8,4)*1,MID(A8,6,2)*1,RIGHT(A8,2)*1) -> 39469 | C8: 879.67
A9: 2008/01/23 | B9: =DATE(LEFT(A9,4)*1,MID(A9,6,2)*1,RIGHT(A9,2)*1) -> 39470 | C9: 890.89
A10: 2008/01/24 | B10: =DATE(LEFT(A10,4)*1,MID(A10,6,2)*1,RIGHT(A10,2)*1) -> 39471 | C10: 933.79
A11: 2008/01/25 | B11: =DATE(LEFT(A11,4)*1,MID(A11,6,2)*1,RIGHT(A11,2)*1) -> 39472 | C11: 939.61
A12: 2008/01/28 | B12: =DATE(LEFT(A12,4)*1,MID(A12,6,2)*1,RIGHT(A12,2)*1) -> 39475 | C12: 930.97
A13: 2008/01/29 | B13: =DATE(LEFT(A13,4)*1,MID(A13,6,2)*1,RIGHT(A13,2)*1) -> 39476 | C13: 946.51
A14: 2008/01/30 | B14: =DATE(LEFT(A14,4)*1,MID(A14,6,2)*1,RIGHT(A14,2)*1) -> 39477 | C14: 936.55
... A4402: 2026/02/19 | B4402: =DATE(LEFT(A4402,4)*1,MID(A4402,6,2)*1,RIGHT(A4402,2)*1) -> 46072 | C4402: 2386.38

Sheet BEI
A1: Fecha | B1: Fecha | C1: BEI1 | D1: BEI5 | E1: BEI10 | F1: Tasa de interés Cero Cupón, Títulos de Tesorería (TES), pesos - 1 año | G1: Tasa de interés Cero Cupón, Títulos de Tesorería (TES), pesos - 5 años | H1: Tasa de interés Cero Cupón, Títulos de Tesorería (TES), pesos - 10 años | I1: Tasa de interés Cero Cupón, Títulos de Tesorería (TES), UVR - 1 año | J1: Tasa de interés Cero Cupón, Títulos de Tesorería (TES), UVR - 5 años | K1: Tasa de interés Cero Cupón, Títulos de Tesorería (TES), UVR - 10 años
A2: yyyy/mm/dd | F2: % | G2: % | H2: % | I2: % | J2: % | K2: %
A3: 2003/01/02 | B3: =DATE(LEFT(A3,4)*1,MID(A3,6,2)*1,RIGHT(A3,2)*1) -> 37623 | C3: =F3-I3 -> 7.98 | D3: =G3-J3 -> 8.49 | E3: =H3-K3 -> 7.01 | F3: 10.75 | G3: 15.42 | H3: 14.69 | I3: 2.77 | J3: 6.93 | K3: 7.68
A4: 2003/01/03 | B4: =DATE(LEFT(A4,4)*1,MID(A4,6,2)*1,RIGHT(A4,2)*1) -> 37624 | F4: 10.46 | G4: 15.44 | H4: 14.47
A5: 2003/01/07 | B5: =DATE(LEFT(A5,4)*1,MID(A5,6,2)*1,RIGHT(A5,2)*1) -> 37628 | C5: =F5-I5 -> 6.2 | D5: =G5-J5 -> 8.21 | E5: =H5-K5 -> 8.01 | F5: 10.68 | G5: 15.1 | H5: 15.57 | I5: 4.48 | J5: 6.89 | K5: 7.56
A6: 2003/01/08 | B6: =DATE(LEFT(A6,4)*1,MID(A6,6,2)*1,RIGHT(A6,2)*1) -> 37629 | C6: =F6-I6 -> 6.82 | D6: =G6-J6 -> 8.62 | E6: =H6-K6 -> 7.1 | F6: 10.23 | G6: 15.57 | H6: 14.63 | I6: 3.41 | J6: 6.95 | K6: 7.53
A7: 2003/01/09 | B7: =DATE(LEFT(A7,4)*1,MID(A7,6,2)*1,RIGHT(A7,2)*1) -> 37630 | C7: =F7-I7 -> 6.73 | D7: =G7-J7 -> 8.46 | E7: =H7-K7 -> 7.8 | F7: 10.32 | G7: 15.33 | H7: 15.54 | I7: 3.59 | J7: 6.87 | K7: 7.74
A8: 2003/01/10 | B8: =DATE(LEFT(A8,4)*1,MID(A8,6,2)*1,RIGHT(A8,2)*1) -> 37631 | C8: =F8-I8 -> 6.71 | D8: =G8-J8 -> 8.47 | E8: =H8-K8 -> 7.81 | F8: 10.09 | G8: 15.33 | H8: 15.35 | I8: 3.38 | J8: 6.86 | K8: 7.54
A9: 2003/01/13 | B9: =DATE(LEFT(A9,4)*1,MID(A9,6,2)*1,RIGHT(A9,2)*1) -> 37634 | C9: =F9-I9 -> 6.36 | D9: =G9-J9 -> 8.58 | E9: =H9-K9 -> 7.74 | F9: 9.59 | G9: 15.36 | H9: 15.28 | I9: 3.23 | J9: 6.78 | K9: 7.54
A10: 2003/01/14 | B10: =DATE(LEFT(A10,4)*1,MID(A10,6,2)*1,RIGHT(A10,2)*1) -> 37635 | C10: =F10-I10 -> 6.41 | D10: =G10-J10 -> 8.15 | E10: =H10-K10 -> 8.36 | F10: 9.69 | G10: 14.83 | H10: 16.01 | I10: 3.28 | J10: 6.68 | K10: 7.65
A11: 2003/01/15 | B11: =DATE(LEFT(A11,4)*1,MID(A11,6,2)*1,RIGHT(A11,2)*1) -> 37636 | C11: =F11-I11 -> 6.16 | D11: =G11-J11 -> 8.29 | E11: =H11-K11 -> 7.32 | F11: 9.4 | G11: 14.98 | H11: 14.95 | I11: 3.24 | J11: 6.69 | K11: 7.63
A12: 2003/01/16 | B12: =DATE(LEFT(A12,4)*1,MID(A12,6,2)*1,RIGHT(A12,2)*1) -> 37637 | C12: =F12-I12 -> 6.39 | D12: =G12-J12 -> 8.22 | E12: =H12-K12 -> 7.43 | F12: 9.68 | G12: 14.96 | H12: 15.15 | I12: 3.29 | J12: 6.74 | K12: 7.72
A13: 2003/01/17 | B13: =DATE(LEFT(A13,4)*1,MID(A13,6,2)*1,RIGHT(A13,2)*1) -> 37638 | C13: =F13-I13 -> 6.18 | D13: =G13-J13 -> 8.49 | E13: =H13-K13 -> 7.7 | F13: 9.58 | G13: 15.2 | H13: 15.34 | I13: 3.4 | J13: 6.71 | K13: 7.64
A14: 2003/01/20 | B14: =DATE(LEFT(A14,4)*1,MID(A14,6,2)*1,RIGHT(A14,2)*1) -> 37641 | C14: =F14-I14 -> 7 | D14: =G14-J14 -> 8.35 | E14: =H14-K14 -> 8.44 | F14: 10.55 | G14: 15.06 | H14: 16.15 | I14: 3.55 | J14: 6.71 | K14: 7.71
A15: 2003/01/21 | B15: =DATE(LEFT(A15,4)*1,MID(A15,6,2)*1,RIGHT(A15,2)*1) -> 37642 | C15: =F15-I15 -> 6.94 | D15: =G15-J15 -> 8.81 | E15: =H15-K15 -> 8.14 | F15: 10.59 | G15: 15.57 | H15: 15.85 | I15: 3.65 | J15: 6.76 | K15: 7.71
A16: 2003/01/22 | B16: =DATE(LEFT(A16,4)*1,MID(A16,6,2)*1,RIGHT(A16,2)*1) -> 37643 | C16: =F16-I16 -> 7.23 | D16: =G16-J16 -> 9.07 | E16: =H16-K16 -> 8.09 | F16: 10.36 | G16: 16.11 | H16: 15.73 | I16: 3.13 | J16: 7.04 | K16: 7.64
... A242: 2003/12/23 | B242: =DATE(LEFT(A242,4)*1,MID(A242,6,2)*1,RIGHT(A242,2)*1) -> 37978 | C242: =F242-I242 -> 5.91 | D242: =G242-J242 -> 8.14 | E242: =H242-K242 -> 8.29 | F242: 10.05 | G242: 14.31 | H242: 16.19 | I242: 4.14 | J242: 6.17 | K242: 7.9
A243: 2003/12/24 | B243: =DATE(LEFT(A243,4)*1,MID(A243,6,2)*1,RIGHT(A243,2)*1) -> 37979 | C243: =F243-I243 -> 10.3 | D243: =G243-J243 -> 14 | E243: =H243-K243 -> 14.48 | F243: 10.3 | G243: 14 | H243: 14.48
A244: 2003/12/26 | B244: =DATE(LEFT(A244,4)*1,MID(A244,6,2)*1,RIGHT(A244,2)*1) -> 37981 | C244: =F244-I244 -> 6.26 | D244: =G244-J244 -> 6.95 | E244: =H244-K244 -> 5.32 | F244: 10.18 | G244: 13.92 | H244: 14.72 | I244: 3.92 | J244: 6.97 | K244: 9.4
A245: 2003/12/29 | B245: =DATE(LEFT(A245,4)*1,MID(A245,6,2)*1,RIGHT(A245,2)*1) -> 37984 | C245: =F245-I245 -> 6.73 | D245: =G245-J245 -> 7.17 | E245: =H245-K245 -> 7.31 | F245: 10.19 | G245: 13.71 | H245: 14.97 | I245: 3.46 | J245: 6.54 | K245: 7.66
A246: 2003/12/30 | B246: =DATE(LEFT(A246,4)*1,MID(A246,6,2)*1,RIGHT(A246,2)*1) -> 37985 | C246: =F246-I246 -> 6.74 | D246: =G246-J246 -> 7.19 | E246: =H246-K246 -> 5.87 | F246: 10.26 | G246: 13.93 | H246: 14.77 | I246: 3.52 | J246: 6.74 | K246: 8.9
A247: 2004/01/02 | B247: =DATE(LEFT(A247,4)*1,MID(A247,6,2)*1,RIGHT(A247,2)*1) -> 37988 | C247: =F247-I247 -> 5.71 | D247: =G247-J247 -> 7.4 | E247: =H247-K247 -> 7.12 | F247: 9.91 | G247: 13.67 | H247: 14.87 | I247: 4.2 | J247: 6.27 | K247: 7.75
A248: 2004/01/05 | B248: =DATE(LEFT(A248,4)*1,MID(A248,6,2)*1,RIGHT(A248,2)*1) -> 37991 | C248: =F248-I248 -> 6.72 | D248: =G248-J248 -> 7.25 | E248: =H248-K248 -> 6.88 | F248: 9.9 | G248: 13.57 | H248: 14.31 | I248: 3.18 | J248: 6.32 | K248: 7.43
A249: 2004/01/06 | B249: =DATE(LEFT(A249,4)*1,MID(A249,6,2)*1,RIGHT(A249,2)*1) -> 37992 | C249: =F249-I249 -> 6.58 | D249: =G249-J249 -> 7.44 | E249: =H249-K249 -> 7.35 | F249: 9.87 | G249: 13.52 | H249: 14.65 | I249: 3.29 | J249: 6.08 | K249: 7.3
A250: 2004/01/07 | B250: =DATE(LEFT(A250,4)*1,MID(A250,6,2)*1,RIGHT(A250,2)*1) -> 37993 | C250: =F250-I250 -> 7.25 | D250: =G250-J250 -> 7.28 | E250: =H250-K250 -> 7.44 | F250: 9.75 | G250: 13.4 | H250: 14.65 | I250: 2.5 | J250: 6.12 | K250: 7.21
A251: 2004/01/08 | B251: =DATE(LEFT(A251,4)*1,MID(A251,6,2)*1,RIGHT(A251,2)*1) -> 37994 | C251: =F251-I251 -> 7.66 | D251: =G251-J251 -> 7.44 | E251: =H251-K251 -> 7.41 | F251: 9.78 | G251: 13.34 | H251: 14.68 | I251: 2.12 | J251: 5.9 | K251: 7.27
A252: 2004/01/09 | B252: =DATE(LEFT(A252,4)*1,MID(A252,6,2)*1,RIGHT(A252,2)*1) -> 37995 | C252: =F252-I252 -> 7.67 | D252: =G252-J252 -> 7.55 | E252: =H252-K252 -> 7.35 | F252: 9.79 | G252: 13.47 | H252: 14.66 | I252: 2.12 | J252: 5.92 | K252: 7.31
A253: 2004/01/13 | B253: =DATE(LEFT(A253,4)*1,MID(A253,6,2)*1,RIGHT(A253,2)*1) -> 37999 | C253: =F253-I253 -> 7.62 | D253: =G253-J253 -> 7.45 | E253: =H253-K253 -> 7.36 | F253: 9.75 | G253: 13.43 | H253: 14.64 | I253: 2.13 | J253: 5.98 | K253: 7.28
A254: 2004/01/14 | B254: =DATE(LEFT(A254,4)*1,MID(A254,6,2)*1,RIGHT(A254,2)*1) -> 38000 | C254: =F254-I254 -> 7.62 | D254: =G254-J254 -> 7.56 | E254: =H254-K254 -> 7.38 | F254: 9.62 | G254: 13.3 | H254: 14.69 | I254: 2 | J254: 5.74 | K254: 7.31
A255: 2004/01/15 | B255: =DATE(LEFT(A255,4)*1,MID(A255,6,2)*1,RIGHT(A255,2)*1) -> 38001 | C255: =F255-I255 -> 7.65 | D255: =G255-J255 -> 7.46 | E255: =H255-K255 -> 7.39 | F255: 9.59 | G255: 13.23 | H255: 14.68 | I255: 1.94 | J255: 5.77 | K255: 7.29
... A487: 2004/12/23 | B487: =DATE(LEFT(A487,4)*1,MID(A487,6,2)*1,RIGHT(A487,2)*1) -> 38344 | C487: =F487-I487 -> 6.74 | D487: =G487-J487 -> 6.82 | E487: =H487-K487 -> 7.07 | F487: 8.5 | G487: 12.08 | H487: 13.72 | I487: 1.76 | J487: 5.26 | K487: 6.65
A488: 2004/12/24 | B488: =DATE(LEFT(A488,4)*1,MID(A488,6,2)*1,RIGHT(A488,2)*1) -> 38345 | C488: =F488-I488 -> 8.4 | D488: =G488-J488 -> 9.02 | E488: =H488-K488 -> 8.61 | F488: 8.4 | G488: 9.02 | H488: 8.61
A489: 2004/12/27 | B489: =DATE(LEFT(A489,4)*1,MID(A489,6,2)*1,RIGHT(A489,2)*1) -> 38348 | C489: =F489-I489 -> 5.59 | D489: =G489-J489 -> 6.91 | E489: =H489-K489 -> 6.9 | F489: 8.51 | G489: 11.98 | H489: 13.75 | I489: 2.92 | J489: 5.07 | K489: 6.85
A490: 2004/12/28 | B490: =DATE(LEFT(A490,4)*1,MID(A490,6,2)*1,RIGHT(A490,2)*1) -> 38349 | C490: =F490-I490 -> 6.16 | D490: =G490-J490 -> 6.74 | E490: =H490-K490 -> 6.97 | F490: 8.53 | G490: 11.92 | H490: 13.75 | I490: 2.37 | J490: 5.18 | K490: 6.78
A491: 2004/12/29 | B491: =DATE(LEFT(A491,4)*1,MID(A491,6,2)*1,RIGHT(A491,2)*1) -> 38350 | C491: =F491-I491 -> 4.8 | D491: =G491-J491 -> 6.74 | E491: =H491-K491 -> 7.02 | F491: 8.5 | G491: 11.79 | H491: 13.66 | I491: 3.7 | J491: 5.05 | K491: 6.64
A492: 2004/12/30 | B492: =DATE(LEFT(A492,4)*1,MID(A492,6,2)*1,RIGHT(A492,2)*1) -> 38351 | C492: =F492-I492 -> 8.45 | D492: =G492-J492 -> 11.84 | E492: =H492-K492 -> 13.58 | F492: 8.45 | G492: 11.84 | H492: 13.58
A493: 2005/01/03 | B493: =DATE(LEFT(A493,4)*1,MID(A493,6,2)*1,RIGHT(A493,2)*1) -> 38355 | C493: =F493-I493 -> 6.67 | D493: =G493-J493 -> 6.47 | E493: =H493-K493 -> 6.85 | F493: 8.35 | G493: 11.57 | H493: 13.39 | I493: 1.68 | J493: 5.1 | K493: 6.54
A494: 2005/01/04 | B494: =DATE(LEFT(A494,4)*1,MID(A494,6,2)*1,RIGHT(A494,2)*1) -> 38356 | C494: =F494-I494 -> 6.45 | D494: =G494-J494 -> 6.34 | E494: =H494-K494 -> 7.17 | F494: 8.22 | G494: 11.37 | H494: 13.33 | I494: 1.77 | J494: 5.03 | K494: 6.16
A495: 2005/01/05 | B495: =DATE(LEFT(A495,4)*1,MID(A495,6,2)*1,RIGHT(A495,2)*1) -> 38357 | C495: =F495-I495 -> 6.07 | D495: =G495-J495 -> 6.42 | E495: =H495-K495 -> 7.26 | F495: 8.21 | G495: 11.51 | H495: 13.37 | I495: 2.14 | J495: 5.09 | K495: 6.11
A496: 2005/01/06 | B496: =DATE(LEFT(A496,4)*1,MID(A496,6,2)*1,RIGHT(A496,2)*1) -> 38358 | C496: =F496-I496 -> 6.44 | D496: =G496-J496 -> 6.55 | E496: =H496-K496 -> 7.54 | F496: 8.21 | G496: 11.57 | H496: 13.76 | I496: 1.77 | J496: 5.02 | K496: 6.22
A497: 2005/01/07 | B497: =DATE(LEFT(A497,4)*1,MID(A497,6,2)*1,RIGHT(A497,2)*1) -> 38359 | C497: =F497-I497 -> 6.06 | D497: =G497-J497 -> 6.61 | E497: =H497-K497 -> 7.31 | F497: 8.13 | G497: 11.58 | H497: 13.62 | I497: 2.07 | J497: 4.97 | K497: 6.31
A498: 2005/01/11 | B498: =DATE(LEFT(A498,4)*1,MID(A498,6,2)*1,RIGHT(A498,2)*1) -> 38363 | C498: =F498-I498 -> 5.14 | D498: =G498-J498 -> 6.68 | E498: =H498-K498 -> 7.03 | F498: 8.08 | G498: 11.82 | H498: 13.41 | I498: 2.94 | J498: 5.14 | K498: 6.38
A499: 2005/01/12 | B499: =DATE(LEFT(A499,4)*1,MID(A499,6,2)*1,RIGHT(A499,2)*1) -> 38364 | C499: =F499-I499 -> 5.92 | D499: =G499-J499 -> 6.62 | E499: =H499-K499 -> 6.97 | F499: 8.05 | G499: 11.6 | H499: 13.24 | I499: 2.13 | J499: 4.98 | K499: 6.27
A500: 2005/01/13 | B500: =DATE(LEFT(A500,4)*1,MID(A500,6,2)*1,RIGHT(A500,2)*1) -> 38365 | C500: =F500-I500 -> 6.03 | D500: =G500-J500 -> 6.52 | E500: =H500-K500 -> 6.81 | F500: 8.01 | G500: 11.55 | H500: 13.11 | I500: 1.98 | J500: 5.03 | K500: 6.3
A501: 2005/01/14 | B501: =DATE(LEFT(A501,4)*1,MID(A501,6,2)*1,RIGHT(A501,2)*1) -> 38366 | C501: =F501-I501 -> 6.06 | D501: =G501-J501 -> 6.44 | E501: =H501-K501 -> 6.81 | F501: 7.99 | G501: 11.64 | H501: 13.28 | I501: 1.93 | J501: 5.2 | K501: 6.47
A502: 2005/01/17 | B502: =DATE(LEFT(A502,4)*1,MID(A502,6,2)*1,RIGHT(A502,2)*1) -> 38369 | C502: =F502-I502 -> 5.64 | D502: =G502-J502 -> 6.78 | E502: =H502-K502 -> 7.16 | F502: 8 | G502: 11.89 | H502: 13.63 | I502: 2.36 | J502: 5.11 | K502: 6.47
A503: 2005/01/18 | B503: =DATE(LEFT(A503,4)*1,MID(A503,6,2)*1,RIGHT(A503,2)*1) -> 38370 | C503: =F503-I503 -> 5.82 | D503: =G503-J503 -> 6.32 | E503: =H503-K503 -> 7.3 | F503: 7.97 | G503: 11.76 | H503: 13.4 | I503: 2.15 | J503: 5.44 | K503: 6.1
A504: 2005/01/19 | B504: =DATE(LEFT(A504,4)*1,MID(A504,6,2)*1,RIGHT(A504,2)*1) -> 38371 | C504: =F504-I504 -> 5.69 | D504: =G504-J504 -> 6.61 | E504: =H504-K504 -> 7.05 | F504: 7.96 | G504: 11.7 | H504: 13.4 | I504: 2.27 | J504: 5.09 | K504: 6.35
... A546: 2005/03/18 | B546: =DATE(LEFT(A546,4)*1,MID(A546,6,2)*1,RIGHT(A546,2)*1) -> 38429 | C546: =F546-I546 -> 5.4 | D546: =G546-J546 -> 5.92 | E546: =H546-K546 -> 6.3 | F546: 7.74 | G546: 12.04 | H546: 13.36 | I546: 2.34 | J546: 6.12 | K546: 7.06
A547: 2005/03/22 | B547: =DATE(LEFT(A547,4)*1,MID(A547,6,2)*1,RIGHT(A547,2)*1) -> 38433 | C547: =F547-I547 -> 7.7 | D547: =G547-J547 -> 11.97 | E547: =H547-K547 -> 13.32 | F547: 7.7 | G547: 11.97 | H547: 13.32
A548: 2005/03/23 | B548: =DATE(LEFT(A548,4)*1,MID(A548,6,2)*1,RIGHT(A548,2)*1) -> 38434 | C548: =F548-I548 -> 5.37 | D548: =G548-J548 -> 6.31 | E548: =H548-K548 -> 6.05 | F548: 7.64 | G548: 12.28 | H548: 13.53 | I548: 2.27 | J548: 5.97 | K548: 7.48
A549: 2005/03/28 | B549: =DATE(LEFT(A549,4)*1,MID(A549,6,2)*1,RIGHT(A549,2)*1) -> 38439 | C549: =F549-I549 -> 5.84 | D549: =G549-J549 -> 6.4 | E549: =H549-K549 -> 6.04 | F549: 7.9 | G549: 12.59 | H549: 13.92 | I549: 2.06 | J549: 6.19 | K549: 7.88
A550: 2005/03/29 | B550: =DATE(LEFT(A550,4)*1,MID(A550,6,2)*1,RIGHT(A550,2)*1) -> 38440 | C550: =F550-I550 -> 5.36 | D550: =G550-J550 -> 6.21 | E550: =H550-K550 -> 6.13 | F550: 7.73 | G550: 12.58 | H550: 13.64 | I550: 2.37 | J550: 6.37 | K550: 7.51
A551: 2005/03/30 | B551: =DATE(LEFT(A551,4)*1,MID(A551,6,2)*1,RIGHT(A551,2)*1) -> 38441 | C551: =F551-I551 -> 5.39 | D551: =G551-J551 -> 6.21 | E551: =H551-K551 -> 6.25 | F551: 7.74 | G551: 12.37 | H551: 13.57 | I551: 2.35 | J551: 6.16 | K551: 7.32
A552: 2005/03/31 | B552: =DATE(LEFT(A552,4)*1,MID(A552,6,2)*1,RIGHT(A552,2)*1) -> 38442 | C552: =F552-I552 -> 4.98 | D552: =G552-J552 -> 6.1 | E552: =H552-K552 -> 5.99 | F552: 7.72 | G552: 12.26 | H552: 13.41 | I552: 2.74 | J552: 6.16 | K552: 7.42
A553: 2005/04/01 | B553: =DATE(LEFT(A553,4)*1,MID(A553,6,2)*1,RIGHT(A553,2)*1) -> 38443 | C553: =F553-I553 -> 4.99 | D553: =G553-J553 -> 6.06 | E553: =H553-K553 -> 6.28 | F553: 7.73 | G553: 12.19 | H553: 13.55 | I553: 2.74 | J553: 6.13 | K553: 7.27
A554: 2005/04/04 | B554: =DATE(LEFT(A554,4)*1,MID(A554,6,2)*1,RIGHT(A554,2)*1) -> 38446 | C554: =F554-I554 -> 4.81 | D554: =G554-J554 -> 5.82 | E554: =H554-K554 -> 6.28 | F554: 7.76 | G554: 12.17 | H554: 13.56 | I554: 2.95 | J554: 6.35 | K554: 7.28
A555: 2005/04/05 | B555: =DATE(LEFT(A555,4)*1,MID(A555,6,2)*1,RIGHT(A555,2)*1) -> 38447 | C555: =F555-I555 -> 5.35 | D555: =G555-J555 -> 5.86 | E555: =H555-K555 -> 6.21 | F555: 7.82 | G555: 12.14 | H555: 13.59 | I555: 2.47 | J555: 6.28 | K555: 7.38
A556: 2005/04/06 | B556: =DATE(LEFT(A556,4)*1,MID(A556,6,2)*1,RIGHT(A556,2)*1) -> 38448 | C556: =F556-I556 -> 5.35 | D556: =G556-J556 -> 5.84 | E556: =H556-K556 -> 5.96 | F556: 7.72 | G556: 12.15 | H556: 13.34 | I556: 2.37 | J556: 6.31 | K556: 7.38
A557: 2005/04/07 | B557: =DATE(LEFT(A557,4)*1,MID(A557,6,2)*1,RIGHT(A557,2)*1) -> 38449 | C557: =F557-I557 -> 5.32 | D557: =G557-J557 -> 5.74 | E557: =H557-K557 -> 6.08 | F557: 7.72 | G557: 12.08 | H557: 13.43 | I557: 2.4 | J557: 6.34 | K557: 7.35
A558: 2005/04/08 | B558: =DATE(LEFT(A558,4)*1,MID(A558,6,2)*1,RIGHT(A558,2)*1) -> 38450 | C558: =F558-I558 -> 5.43 | D558: =G558-J558 -> 5.9 | E558: =H558-K558 -> 6.33 | F558: 7.72 | G558: 12.13 | H558: 13.72 | I558: 2.29 | J558: 6.23 | K558: 7.39
A559: 2005/04/11 | B559: =DATE(LEFT(A559,4)*1,MID(A559,6,2)*1,RIGHT(A559,2)*1) -> 38453 | C559: =F559-I559 -> 5.21 | D559: =G559-J559 -> 5.68 | E559: =H559-K559 -> 6.3 | F559: 7.65 | G559: 12.06 | H559: 13.64 | I559: 2.44 | J559: 6.38 | K559: 7.34
... A722: 2005/12/07 | B722: =DATE(LEFT(A722,4)*1,MID(A722,6,2)*1,RIGHT(A722,2)*1) -> 38693 | C722: =F722-I722 -> 5.35 | D722: =G722-J722 -> 5.77 | E722: =H722-K722 -> 5.66 | F722: 5.93 | G722: 8.28 | H722: 9.47 | I722: 0.58 | J722: 2.51 | K722: 3.81
A723: 2005/12/09 | B723: =DATE(LEFT(A723,4)*1,MID(A723,6,2)*1,RIGHT(A723,2)*1) -> 38695 | C723: =F723-I723 -> 5.93 | D723: =G723-J723 -> 8.33 | E723: =H723-K723 -> 9.56 | F723: 5.93 | G723: 8.33 | H723: 9.56
A724: 2005/12/12 | B724: =DATE(LEFT(A724,4)*1,MID(A724,6,2)*1,RIGHT(A724,2)*1) -> 38698 | C724: =F724-I724 -> 5.28 | D724: =G724-J724 -> 5.57 | E724: =H724-K724 -> 5.54 | F724: 5.98 | G724: 8.26 | H724: 9.44 | I724: 0.7 | J724: 2.69 | K724: 3.9
A725: 2005/12/13 | B725: =DATE(LEFT(A725,4)*1,MID(A725,6,2)*1,RIGHT(A725,2)*1) -> 38699 | C725: =F725-I725 -> 5.33 | D725: =G725-J725 -> 5.54 | E725: =H725-K725 -> 5.55 | F725: 6.05 | G725: 8.23 | H725: 9.38 | I725: 0.72 | J725: 2.69 | K725: 3.83
A726: 2005/12/14 | B726: =DATE(LEFT(A726,4)*1,MID(A726,6,2)*1,RIGHT(A726,2)*1) -> 38700 | C726: =F726-I726 -> 5.31 | D726: =G726-J726 -> 5.49 | E726: =H726-K726 -> 5.58 | F726: 6.08 | G726: 8.18 | H726: 9.3 | I726: 0.77 | J726: 2.69 | K726: 3.72
A727: 2005/12/15 | B727: =DATE(LEFT(A727,4)*1,MID(A727,6,2)*1,RIGHT(A727,2)*1) -> 38701 | C727: =F727-I727 -> 5.17 | D727: =G727-J727 -> 5.37 | E727: =H727-K727 -> 5.69 | F727: 6.06 | G727: 8.17 | H727: 9.34 | I727: 0.89 | J727: 2.8 | K727: 3.65
A728: 2005/12/16 | B728: =DATE(LEFT(A728,4)*1,MID(A728,6,2)*1,RIGHT(A728,2)*1) -> 38702 | C728: =F728-I728 -> 5.38 | D728: =G728-J728 -> 5.64 | E728: =H728-K728 -> 5.67 | F728: 6.03 | G728: 8.17 | H728: 9.34 | I728: 0.65 | J728: 2.53 | K728: 3.67
A729: 2005/12/19 | B729: =DATE(LEFT(A729,4)*1,MID(A729,6,2)*1,RIGHT(A729,2)*1) -> 38705 | C729: =F729-I729 -> 6.08 | D729: =G729-J729 -> 8.28 | E729: =H729-K729 -> 9.47 | F729: 6.08 | G729: 8.28 | H729: 9.47
A730: 2005/12/20 | B730: =DATE(LEFT(A730,4)*1,MID(A730,6,2)*1,RIGHT(A730,2)*1) -> 38706 | C730: =F730-I730 -> 6.11 | D730: =G730-J730 -> 8.28 | E730: =H730-K730 -> 9.45 | F730: 6.11 | G730: 8.28 | H730: 9.45
A731: 2005/12/21 | B731: =DATE(LEFT(A731,4)*1,MID(A731,6,2)*1,RIGHT(A731,2)*1) -> 38707 | C731: =F731-I731 -> 4.73 | D731: =G731-J731 -> 5.05 | E731: =H731-K731 -> 6.11 | F731: 6.1 | G731: 8.23 | H731: 9.39 | I731: 1.37 | J731: 3.18 | K731: 3.28
A732: 2005/12/22 | B732: =DATE(LEFT(A732,4)*1,MID(A732,6,2)*1,RIGHT(A732,2)*1) -> 38708 | C732: =F732-I732 -> 6.11 | D732: =G732-J732 -> 8.19 | E732: =H732-K732 -> 9.34 | F732: 6.11 | G732: 8.19 | H732: 9.34
A733: 2005/12/23 | B733: =DATE(LEFT(A733,4)*1,MID(A733,6,2)*1,RIGHT(A733,2)*1) -> 38709 | C733: =F733-I733 -> 6.12 | D733: =G733-J733 -> 8.17 | E733: =H733-K733 -> 9.3 | F733: 6.12 | G733: 8.17 | H733: 9.3
A734: 2005/12/26 | B734: =DATE(LEFT(A734,4)*1,MID(A734,6,2)*1,RIGHT(A734,2)*1) -> 38712 | C734: =F734-I734 -> 5.13 | D734: =G734-J734 -> 5.35 | E734: =H734-K734 -> 5.62 | F734: 6.04 | G734: 8.13 | H734: 9.18 | I734: 0.91 | J734: 2.78 | K734: 3.56
A735: 2005/12/27 | B735: =DATE(LEFT(A735,4)*1,MID(A735,6,2)*1,RIGHT(A735,2)*1) -> 38713 | C735: =F735-I735 -> 6.22 | D735: =G735-J735 -> 8.11 | E735: =H735-K735 -> 9.19 | F735: 6.22 | G735: 8.11 | H735: 9.19
A736: 2005/12/28 | B736: =DATE(LEFT(A736,4)*1,MID(A736,6,2)*1,RIGHT(A736,2)*1) -> 38714 | C736: =F736-I736 -> 5.45 | D736: =G736-J736 -> 5.57 | E736: =H736-K736 -> 5.8 | F736: 6.14 | G736: 8.14 | H736: 9.46 | I736: 0.69 | J736: 2.57 | K736: 3.66
A737: 2005/12/29 | B737: =DATE(LEFT(A737,4)*1,MID(A737,6,2)*1,RIGHT(A737,2)*1) -> 38715 | C737: =F737-I737 -> 6.11 | D737: =G737-J737 -> 8.01 | E737: =H737-K737 -> 9.23 | F737: 6.11 | G737: 8.01 | H737: 9.23
A738: 2006/01/02 | B738: =DATE(LEFT(A738,4)*1,MID(A738,6,2)*1,RIGHT(A738,2)*1) -> 38719 | C738: =F738-I738 -> 5.33 | D738: =G738-J738 -> 5.5 | E738: =H738-K738 -> 5.64 | F738: 6.12 | G738: 8.04 | H738: 9.17 | I738: 0.79 | J738: 2.54 | K738: 3.53
A739: 2006/01/03 | B739: =DATE(LEFT(A739,4)*1,MID(A739,6,2)*1,RIGHT(A739,2)*1) -> 38720 | C739: =F739-I739 -> 5.15 | D739: =G739-J739 -> 5.43 | E739: =H739-K739 -> 5.5 | F739: 6.15 | G739: 8.03 | H739: 9.14 | I739: 1 | J739: 2.6 | K739: 3.64
A740: 2006/01/04 | B740: =DATE(LEFT(A740,4)*1,MID(A740,6,2)*1,RIGHT(A740,2)*1) -> 38721 | C740: =F740-I740 -> 6.14 | D740: =G740-J740 -> 8.04 | E740: =H740-K740 -> 9.14 | F740: 6.14 | G740: 8.04 | H740: 9.14
A741: 2006/01/05 | B741: =DATE(LEFT(A741,4)*1,MID(A741,6,2)*1,RIGHT(A741,2)*1) -> 38722 | C741: =F741-I741 -> 6.14 | D741: =G741-J741 -> 8 | E741: =H741-K741 -> 9.09 | F741: 6.14 | G741: 8 | H741: 9.09
A742: 2006/01/06 | B742: =DATE(LEFT(A742,4)*1,MID(A742,6,2)*1,RIGHT(A742,2)*1) -> 38723 | C742: =F742-I742 -> 6.13 | D742: =G742-J742 -> 7.95 | E742: =H742-K742 -> 9.05 | F742: 6.13 | G742: 7.95 | H742: 9.05
A743: 2006/01/10 | B743: =DATE(LEFT(A743,4)*1,MID(A743,6,2)*1,RIGHT(A743,2)*1) -> 38727 | C743: =F743-I743 -> 6.15 | D743: =G743-J743 -> 7.9 | E743: =H743-K743 -> 8.95 | F743: 6.15 | G743: 7.9 | H743: 8.95
A744: 2006/01/11 | B744: =DATE(LEFT(A744,4)*1,MID(A744,6,2)*1,RIGHT(A744,2)*1) -> 38728 | C744: =F744-I744 -> 6.18 | D744: =G744-J744 -> 7.83 | E744: =H744-K744 -> 8.79 | F744: 6.18 | G744: 7.83 | H744: 8.79
A745: 2006/01/12 | B745: =DATE(LEFT(A745,4)*1,MID(A745,6,2)*1,RIGHT(A745,2)*1) -> 38729 | C745: =F745-I745 -> 5.33 | D745: =G745-J745 -> 5.01 | E745: =H745-K745 -> 5.04 | F745: 6.18 | G745: 7.76 | H745: 8.7 | I745: 0.85 | J745: 2.75 | K745: 3.66
A746: 2006/01/13 | B746: =DATE(LEFT(A746,4)*1,MID(A746,6,2)*1,RIGHT(A746,2)*1) -> 38730 | C746: =F746-I746 -> 5.21 | D746: =G746-J746 -> 4.88 | E746: =H746-K746 -> 5.08 | F746: 6.16 | G746: 7.67 | H746: 8.58 | I746: 0.95 | J746: 2.79 | K746: 3.5
A747: 2006/01/16 | B747: =DATE(LEFT(A747,4)*1,MID(A747,6,2)*1,RIGHT(A747,2)*1) -> 38733 | C747: =F747-I747 -> 5.34 | D747: =G747-J747 -> 4.97 | E747: =H747-K747 -> 4.92 | F747: 6.16 | G747: 7.66 | H747: 8.51 | I747: 0.82 | J747: 2.69 | K747: 3.59
A748: 2006/01/17 | B748: =DATE(LEFT(A748,4)*1,MID(A748,6,2)*1,RIGHT(A748,2)*1) -> 38734 | C748: =F748-I748 -> 5.25 | D748: =G748-J748 -> 4.92 | E748: =H748-K748 -> 5.09 | F748: 6.17 | G748: 7.65 | H748: 8.54 | I748: 0.92 | J748: 2.73 | K748: 3.45
A749: 2006/01/18 | B749: =DATE(LEFT(A749,4)*1,MID(A749,6,2)*1,RIGHT(A749,2)*1) -> 38735 | C749: =F749-I749 -> 5.1 | D749: =G749-J749 -> 4.89 | E749: =H749-K749 -> 5.16 | F749: 6.17 | G749: 7.64 | H749: 8.49 | I749: 1.07 | J749: 2.75 | K749: 3.33
A750: 2006/01/19 | B750: =DATE(LEFT(A750,4)*1,MID(A750,6,2)*1,RIGHT(A750,2)*1) -> 38736 | C750: =F750-I750 -> 5.49 | D750: =G750-J750 -> 5.13 | E750: =H750-K750 -> 4.91 | F750: 6.17 | G750: 7.66 | H750: 8.52 | I750: 0.68 | J750: 2.53 | K750: 3.61
A751: 2006/01/20 | B751: =DATE(LEFT(A751,4)*1,MID(A751,6,2)*1,RIGHT(A751,2)*1) -> 38737 | C751: =F751-I751 -> 5.32 | D751: =G751-J751 -> 4.92 | E751: =H751-K751 -> 4.98 | F751: 6.15 | G751: 7.56 | H751: 8.45 | I751: 0.83 | J751: 2.64 | K751: 3.47
A752: 2006/01/23 | B752: =DATE(LEFT(A752,4)*1,MID(A752,6,2)*1,RIGHT(A752,2)*1) -> 38740 | C752: =F752-I752 -> 5.3 | D752: =G752-J752 -> 4.92 | E752: =H752-K752 -> 5.04 | F752: 6.15 | G752: 7.54 | H752: 8.41 | I752: 0.85 | J752: 2.62 | K752: 3.37
A753: 2006/01/24 | B753: =DATE(LEFT(A753,4)*1,MID(A753,6,2)*1,RIGHT(A753,2)*1) -> 38741 | C753: =F753-I753 -> 5.36 | D753: =G753-J753 -> 4.96 | E753: =H753-K753 -> 4.93 | F753: 6.12 | G753: 7.48 | H753: 8.33 | I753: 0.76 | J753: 2.52 | K753: 3.4
A754: 2006/01/25 | B754: =DATE(LEFT(A754,4)*1,MID(A754,6,2)*1,RIGHT(A754,2)*1) -> 38742 | C754: =F754-I754 -> 5.38 | D754: =G754-J754 -> 5 | E754: =H754-K754 -> 4.9 | F754: 6.1 | G754: 7.51 | H754: 8.38 | I754: 0.72 | J754: 2.51 | K754: 3.48
A755: 2006/01/26 | B755: =DATE(LEFT(A755,4)*1,MID(A755,6,2)*1,RIGHT(A755,2)*1) -> 38743 | C755: =F755-I755 -> 5.33 | D755: =G755-J755 -> 5.05 | E755: =H755-K755 -> 5.06 | F755: 6.09 | G755: 7.57 | H755: 8.45 | I755: 0.76 | J755: 2.52 | K755: 3.39
A756: 2006/01/27 | B756: =DATE(LEFT(A756,4)*1,MID(A756,6,2)*1,RIGHT(A756,2)*1) -> 38744 | C756: =F756-I756 -> 5.22 | D756: =G756-J756 -> 4.96 | E756: =H756-K756 -> 5.05 | F756: 6.09 | G756: 7.44 | H756: 8.32 | I756: 0.87 | J756: 2.48 | K756: 3.27
A757: 2006/01/30 | B757: =DATE(LEFT(A757,4)*1,MID(A757,6,2)*1,RIGHT(A757,2)*1) -> 38747 | C757: =F757-I757 -> 5.29 | D757: =G757-J757 -> 5.11 | E757: =H757-K757 -> 5.09 | F757: 6.08 | G757: 7.49 | H757: 8.37 | I757: 0.79 | J757: 2.38 | K757: 3.28
A758: 2006/01/31 | B758: =DATE(LEFT(A758,4)*1,MID(A758,6,2)*1,RIGHT(A758,2)*1) -> 38748 | C758: =F758-I758 -> 6.09 | D758: =G758-J758 -> 7.5 | E758: =H758-K758 -> 8.39 | F758: 6.09 | G758: 7.5 | H758: 8.39
A759: 2006/02/01 | B759: =DATE(LEFT(A759,4)*1,MID(A759,6,2)*1,RIGHT(A759,2)*1) -> 38749 | C759: =F759-I759 -> 6.09 | D759: =G759-J759 -> 7.5 | E759: =H759-K759 -> 8.4 | F759: 6.09 | G759: 7.5 | H759: 8.4
...

Sheet WTI
A1: observation_date | B1: DCOILWTICO
A2: 31414 | B2: 25.56
A3: 31415 | B3: 26 | C3: =IF(B3=0,B2,B3) -> 26
A4: 31418 | B4: 26.53 | C4: =IF(B4=0,C3,B4) -> 26.53
A5: 31419 | B5: 25.85 | C5: =IF(B5=0,C4,B5) -> 25.85
A6: 31420 | B6: 25.87 | C6: =IF(B6=0,C5,B6) -> 25.87
A7: 31421 | B7: 26.03 | C7: =IF(B7=0,C6,B7) -> 26.03
A8: 31422 | B8: 25.65 | C8: =IF(B8=0,C7,B8) -> 25.65
A9: 31425 | B9: 25.08 | C9: =IF(B9=0,C8,B9) -> 25.08
A10: 31426 | B10: 24.97 | C10: =IF(B10=0,C9,B10) -> 24.97
A11: 31427 | B11: 25.18 | C11: =IF(B11=0,C10,B11) -> 25.18
A12: 31428 | B12: 23.98 | C12: =IF(B12=0,C11,B12) -> 23.98
A13: 31429 | B13: 23.63 | C13: =IF(B13=0,C12,B13) -> 23.63
A14: 31432 | B14: 21.33 | C14: =IF(B14=0,C13,B14) -> 21.33
A15: 31433 | B15: 20.61 | C15: =IF(B15=0,C14,B15) -> 20.61
... A10524: 46146 | B10524: 109.76 | C10524: =IF(B10524=0,C10523,B10524) -> 109.76
